place_id,place_name,category,subcategory,area,description,estimated_cost_inr,rating_seed,review_count_seed,duration_hours,budget_level,family,friends,couple,solo,kids,morning,afternoon,evening,night,weekday,weekend,nature,beach,adventure,history,religious,culture,shopping,food,photography,relaxation,wildlife,art,science,entertainment,heritage,indoor,outdoor,romantic,peaceful,crowded,quiet,educational,fun,scenic,instagrammable,walking_required,vehicle_recommended,elderly_friendly,child_friendly,wheelchair_friendly,short_visit,half_day,full_day,budget_friendly,premium,nature_weight,beach_weight,adventure_weight,history_weight,religious_weight,culture_weight,shopping_weight,food_weight,photography_weight,relaxation_weight,latitude_seed,longitude_seed,distance_from_chennai_central_km_seed,distance_from_airport_km_seed,data_source_type,verification_status,synthetic_note
TN0001,Marina Beach,Beach,Urban Beach,Marina,"Marina Beach is a well-known urban beach located in Marina, Chennai, popular for beach among visitors.",233,4.6,417,1.6,Budget,1,1,1,1,0,1,0,1,0,1,1,1,1,0,0,0,0,0,0,1,1,0,0,0,0,0,0,1,1,1,0,0,0,0,1,0,0,0,1,1,1,0,1,0,1,0,0.42,0.92,0.0,0.0,0.0,0.0,0.0,0.0,0.72,0.68,13.05382,80.28271,3.3,13.8,real_landmark_synthetic_attributes,needs_real_world_verification,Dataset contains synthetic/curated seed values for academic ML experimentation and must be verified before real-world deployment.
TN0002,Besant Nagar Beach (Elliot's Beach),Beach,Urban Beach,Besant Nagar,"Besant Nagar Beach (Elliot's Beach) is a well-known urban beach located in Besant Nagar, Chennai, popular for beach among visitors.",241,4.0,560,2.5,Budget,1,1,1,1,0,1,0,1,0,1,1,1,1,0,0,0,0,0,0,1,1,0,0,0,0,0,0,1,1,1,0,0,0,0,1,0,0,0,1,1,0,0,1,0,1,0,0.54,0.88,0.0,0.0,0.0,0.0,0.0,0.0,0.56,0.88,12.99891,80.27018,9.3,10.8,real_landmark_synthetic_attributes,needs_real_world_verification,Dataset contains synthetic/curated seed values for academic ML experimentation and must be verified before real-world deployment.
TN0003,Thiruvanmiyur Beach,Beach,Neighbourhood Beach,Thiruvanmiyur,"Thiruvanmiyur Beach is a well-known neighbourhood beach located in Thiruvanmiyur, Chennai, popular for beach among visitors.",285,4.2,144,2.4,Budget,1,1,1,1,0,1,0,1,0,1,1,1,1,0,0,0,0,0,0,1,1,0,0,0,0,0,0,1,1,1,0,0,0,0,1,0,0,0,1,1,0,0,1,0,1,0,0.63,0.92,0.0,0.0,0.0,0.0,0.0,0.0,0.71,0.8,12.98627,80.25647,10.9,9.3,real_landmark_synthetic_attributes,needs_real_world_verification,Dataset contains synthetic/curated seed values for academic ML experimentation and must be verified before real-world deployment.
TN0004,Palavakkam Beach,Beach,Neighbourhood Beach,Palavakkam,"Palavakkam Beach is a well-known neighbourhood beach located in Palavakkam, Chennai, popular for beach among visitors.",147,4.0,67,1.8,Budget,1,1,1,1,0,1,0,1,0,1,1,1,1,0,0,0,0,0,0,1,1,0,0,0,0,0,0,1,1,1,0,0,0,0,1,0,0,0,1,1,1,0,1,0,1,0,0.49,0.96,0.0,0.0,0.0,0.0,0.0,0.0,0.65,0.77,12.95733,80.2548,14.1,10.0,real_landmark_synthetic_attributes,needs_real_world_verification,Dataset contains synthetic/curated seed values for academic ML experimentation and must be verified before real-world deployment.
TN0005,Kottivakkam Beach,Beach,Neighbourhood Beach,Kottivakkam,"Kottivakkam Beach is a well-known neighbourhood beach located in Kottivakkam, Chennai, popular for beach among visitors.",105,3.8,2869,2.2,Budget,1,1,1,1,0,1,0,1,0,1,1,1,1,0,0,0,0,0,0,1,1,0,0,0,0,0,0,1,1,1,0,0,0,0,1,0,0,0,1,1,0,0,1,0,1,0,0.67,0.91,0.0,0.0,0.0,0.0,0.0,0.0,0.81,0.65,12.96877,80.25815,12.8,9.9,real_landmark_synthetic_attributes,needs_real_world_verification,Dataset contains synthetic/curated seed values for academic ML experimentation and must be verified before real-world deployment.
TN0006,Neelankarai Beach,Beach,Neighbourhood Beach,Neelankarai,"Neelankarai Beach is a well-known neighbourhood beach located in Neelankarai, Chennai, popular for beach among visitors.",127,4.3,6295,2.1,Budget,1,1,1,1,0,1,0,1,0,1,1,1,1,0,0,0,0,0,0,1,1,0,0,0,0,0,0,1,1,1,0,0,0,0,1,0,0,0,1,0,0,0,1,0,1,0,0.61,0.86,0.0,0.0,0.0,0.0,0.0,0.0,0.79,0.76,12.94432,80.24551,15.7,9.8,real_landmark_synthetic_attributes,needs_real_world_verification,Dataset contains synthetic/curated seed values for academic ML experimentation and must be verified before real-world deployment.
TN0007,Akkarai Beach,Beach,ECR Beach,Akkarai,"Akkarai Beach is a well-known ecr beach located in Akkarai, Chennai, popular for beach among visitors.",204,4.1,488,2.9,Budget,1,1,1,1,0,1,0,1,0,1,1,1,1,0,0,0,0,0,0,1,1,0,0,0,0,0,0,1,1,1,0,0,0,0,1,0,0,0,1,0,0,0,1,0,1,0,0.68,0.99,0.0,0.0,0.0,0.0,0.0,0.0,0.72,0.85,12.92074,80.23988,18.4,11.1,real_landmark_synthetic_attributes,needs_real_world_verification,Dataset contains synthetic/curated seed values for academic ML experimentation and must be verified before real-world deployment.
TN0008,Uthandi Beach,Beach,ECR Beach,Uthandi,"Uthandi Beach is a well-known ecr beach located in Uthandi, Chennai, popular for beach among visitors.",39,4.0,98,2.8,Free,1,1,1,1,0,1,0,1,0,1,1,1,1,0,0,0,0,0,0,1,1,0,0,0,0,0,0,1,1,1,0,0,0,0,1,0,0,0,1,1,0,0,1,0,1,0,0.5,0.87,0.0,0.0,0.0,0.0,0.0,0.0,0.66,0.7,12.88193,80.23789,22.7,14.4,real_landmark_synthetic_attributes,needs_real_world_verification,Dataset contains synthetic/curated seed values for academic ML experimentation and must be verified before real-world deployment.
TN0009,Injambakkam Beach,Beach,ECR Beach,Injambakkam,"Injambakkam Beach is a well-known ecr beach located in Injambakkam, Chennai, popular for beach among visitors.",124,4.6,501,1.7,Budget,1,1,1,1,0,1,0,1,0,1,1,1,1,0,0,0,0,0,0,1,1,0,0,0,0,0,0,1,1,1,0,0,0,0,1,0,0,0,1,1,1,0,1,0,1,0,0.63,0.91,0.0,0.0,0.0,0.0,0.0,0.0,0.79,0.87,12.93537,80.24518,16.7,10.4,real_landmark_synthetic_attributes,needs_real_world_verification,Dataset contains synthetic/curated seed values for academic ML experimentation and must be verified before real-world deployment.
TN0010,VGP Golden Beach,Beach,ECR Beach,Injambakkam,"VGP Golden Beach is a well-known ecr beach located in Injambakkam, Chennai, popular for beach among visitors.",281,4.1,112,2.7,Budget,1,1,1,1,0,1,0,1,0,1,1,1,1,0,0,0,0,0,0,1,1,0,0,0,0,0,0,1,1,1,0,0,0,0,1,0,0,0,0,1,1,0,1,0,1,0,0.6,0.87,0.0,0.0,0.0,0.0,0.0,0.0,0.67,0.62,12.93537,80.24674,16.7,10.5,real_landmark_synthetic_attributes,needs_real_world_verification,Dataset contains synthetic/curated seed values for academic ML experimentation and must be verified before real-world deployment.
TN0011,Panaiyur Beach,Beach,ECR Beach,Panaiyur,"Panaiyur Beach is a well-known ecr beach located in Panaiyur, Chennai, popular for beach among visitors.",128,4.6,1299,2.7,Budget,1,1,1,1,0,1,0,1,0,1,1,1,1,0,0,0,0,0,0,1,1,0,0,0,0,0,0,1,1,1,0,0,0,0,1,0,0,1,1,1,0,0,1,0,1,0,0.53,0.85,0.0,0.0,0.0,0.0,0.0,0.0,0.57,0.74,12.90257,80.24208,20.4,12.8,real_landmark_synthetic_attributes,needs_real_world_verification,Dataset contains synthetic/curated seed values for academic ML experimentation and must be verified before real-world deployment.
TN0012,Muttukadu Beach,Beach,ECR Beach,Muttukadu,"Muttukadu Beach is a well-known ecr beach located in Muttukadu, Chennai, popular for beach among visitors.",182,4.1,414,2.3,Budget,1,1,1,1,0,1,0,1,0,1,1,1,1,0,0,0,0,0,0,1,1,0,0,0,0,0,0,1,1,1,0,0,0,0,1,0,0,1,1,1,1,0,1,0,1,0,0.57,0.88,0.0,0.0,0.0,0.0,0.0,0.0,0.82,0.65,12.85727,80.24806,25.2,17.4,real_landmark_synthetic_attributes,needs_real_world_verification,Dataset contains synthetic/curated seed values for academic ML experimentation and must be verified before real-world deployment.
TN0013,Covelong Beach (Kovalam),Beach,ECR Beach,Kovalam,"Covelong Beach (Kovalam) is a well-known ecr beach located in Kovalam, Chennai, popular for beach among visitors.",10,4.5,778,2.8,Free,1,1,1,1,0,1,0,1,0,1,1,1,1,0,0,0,0,0,0,1,1,0,0,0,0,0,0,1,1,1,0,0,0,0,1,0,0,1,0,1,0,0,1,0,1,0,0.66,0.87,0.0,0.0,0.0,0.0,0.0,0.0,0.62,0.87,12.7938,80.25119,32.2,23.9,real_landmark_synthetic_attributes,needs_real_world_verification,Dataset contains synthetic/curated seed values for academic ML experimentation and must be verified before real-world deployment.
TN0014,Kalpakkam Beach,Beach,Day-trip Beach,Kalpakkam,"Kalpakkam Beach is a well-known day-trip beach located in Kalpakkam, Chennai, popular for beach among visitors.",215,4.1,897,2.2,Budget,1,1,1,1,0,1,0,1,0,1,1,1,1,0,0,0,0,0,0,1,1,0,0,0,0,0,0,1,1,1,0,0,0,0,1,0,0,1,1,1,0,0,1,0,1,0,0.45,0.93,0.0,0.0,0.0,0.0,0.0,0.0,0.65,0.61,12.56032,80.17246,59.2,48.2,real_landmark_synthetic_attributes,needs_real_world_verification,Dataset contains synthetic/curated seed values for academic ML experimentation and must be verified before real-world deployment.
TN0015,Mahabalipuram Shore Beach,Beach,Day-trip Beach,Mahabalipuram,"Mahabalipuram Shore Beach is a well-known day-trip beach located in Mahabalipuram, Chennai, popular for beach among visitors.",13,4.2,433,2.7,Free,1,1,1,1,0,1,0,1,0,1,1,1,1,0,0,0,0,0,0,1,1,0,0,0,0,0,0,1,1,1,0,0,0,0,1,0,0,1,0,1,0,0,1,0,1,0,0.5,0.87,0.0,0.0,0.0,0.0,0.0,0.0,0.88,0.78,12.62237,80.19762,51.9,41.4,real_landmark_synthetic_attributes,needs_real_world_verification,Dataset contains synthetic/curated seed values for academic ML experimentation and must be verified before real-world deployment.
TN0016,Kasimedu Fishing Harbour Walk,Beach,Working Harbour,Kasimedu,"Kasimedu Fishing Harbour Walk is a well-known working harbour located in Kasimedu, Chennai, popular for beach among visitors.",72,4.1,1452,3.0,Free,1,1,1,1,0,1,0,1,0,1,1,1,1,0,0,0,0,0,0,1,1,0,0,0,0,0,0,1,1,1,0,0,0,0,1,0,0,0,1,0,0,0,1,0,1,0,0.66,0.94,0.0,0.0,0.0,0.0,0.0,0.0,0.65,0.61,13.11917,80.29893,4.8,19.6,real_landmark_synthetic_attributes,needs_real_world_verification,Dataset contains synthetic/curated seed values for academic ML experimentation and must be verified before real-world deployment.
TN0017,Marina Beach Lighthouse Evening Walk,Beach,Curated Experience,Marina,"A curated curated experience experience centred around Marina, designed for families interested in beach. This is a synthetic experience concept, not an official standalone attraction.",36,4.0,820,1.9,Free,1,1,1,1,0,0,0,1,1,1,1,1,1,0,0,0,0,0,0,1,1,0,0,0,0,0,0,1,1,1,0,0,0,0,1,0,1,0,1,1,0,0,1,0,1,0,0.56,0.88,0.0,0.0,0.0,0.0,0.0,0.0,0.66,0.76,13.04889,80.28174,3.8,13.5,synthetic_experience,needs_real_world_verification,Dataset contains synthetic/curated seed values for academic ML experimentation and must be verified before real-world deployment.
TN0018,Thiruvanmiyur Beach Sunrise Walk,Beach,Curated Experience,Thiruvanmiyur,"A curated curated experience experience centred around Thiruvanmiyur, designed for families interested in beach. This is a synthetic experience concept, not an official standalone attraction.",48,4.0,216,2.6,Free,1,1,1,1,0,1,0,0,0,1,1,1,1,0,0,0,0,0,0,1,1,0,0,0,0,0,0,1,1,1,0,0,0,0,1,0,1,0,1,1,0,0,1,0,1,0,0.65,0.98,0.0,0.0,0.0,0.0,0.0,0.0,0.68,0.63,12.98203,80.25705,11.4,9.4,synthetic_experience,needs_real_world_verification,Dataset contains synthetic/curated seed values for academic ML experimentation and must be verified before real-world deployment.
TN0019,Besant Nagar Beach Evening Food Stalls Trail,Beach,Curated Experience,Besant Nagar,"A curated curated experience experience centred around Besant Nagar, designed for families interested in beach. This is a synthetic experience concept, not an official standalone attraction.",135,4.2,110,1.8,Budget,1,1,1,1,0,0,0,1,1,1,1,1,1,0,0,0,0,0,0,1,1,0,0,0,0,0,0,1,1,1,0,0,0,0,1,0,1,0,1,1,0,0,1,0,1,0,0.58,0.94,0.0,0.0,0.0,0.0,0.0,0.0,0.57,0.83,13.00398,80.26596,8.8,10.4,synthetic_experience,needs_real_world_verification,Dataset contains synthetic/curated seed values for academic ML experimentation and must be verified before real-world deployment.
TN0020,ECR Coastal Sunset Drive Stop,Beach,Curated Experience,ECR (Injambakkam-Muttukadu),"A curated curated experience experience centred around ECR (Injambakkam-Muttukadu), designed for families interested in beach. This is a synthetic experience concept, not an official standalone attraction.",283,3.7,1420,2.6,Budget,1,1,1,1,0,0,0,1,1,1,1,1,1,0,0,0,0,0,0,1,1,0,0,0,0,0,0,1,1,1,0,0,0,0,1,0,1,1,1,1,0,0,1,0,1,0,0.44,0.94,0.0,0.0,0.0,0.0,0.0,0.0,0.88,0.89,12.90138,80.2467,20.4,13.2,synthetic_experience,needs_real_world_verification,Dataset contains synthetic/curated seed values for academic ML experimentation and must be verified before real-world deployment.
TN0021,Guindy National Park,Nature & Parks,National Park,Guindy,"Guindy National Park is a well-known national park located in Guindy, Chennai, popular for nature & parks among visitors.",118,4.3,2022,1.8,Budget,1,0,0,0,0,1,1,0,0,1,1,1,0,0,0,0,0,0,0,0,1,0,0,0,0,0,0,1,0,1,0,0,0,0,1,0,1,0,0,1,1,0,1,0,1,0,0.78,0.0,0.0,0.0,0.0,0.0,0.0,0.0,0.54,0.59,13.01009,80.2185,10.2,5.5,real_landmark_synthetic_attributes,needs_real_world_verification,Dataset contains synthetic/curated seed values for academic ML experimentation and must be verified before real-world deployment.
TN0022,Guindy Deer Park,Nature & Parks,Deer Sanctuary,Guindy,"Guindy Deer Park is a well-known deer sanctuary located in Guindy, Chennai, popular for nature & parks among visitors.",179,3.5,134,1.2,Budget,1,0,0,0,0,1,1,0,0,1,1,1,0,0,0,0,0,0,0,0,1,0,0,0,0,0,0,1,0,1,0,0,0,0,1,0,1,0,1,1,0,1,0,0,1,0,0.92,0.0,0.0,0.0,0.0,0.0,0.0,0.0,0.4,0.72,13.00484,80.22248,10.4,5.7,real_landmark_synthetic_attributes,needs_real_world_verification,Dataset contains synthetic/curated seed values for academic ML experimentation and must be verified before real-world deployment.
TN0023,Semmozhi Poonga,Nature & Parks,Botanical Park,Cathedral Road,"Semmozhi Poonga is a well-known botanical park located in Cathedral Road, Chennai, popular for nature & parks among visitors.",29,4.2,2251,2.6,Free,1,0,0,0,0,1,1,0,0,1,1,1,0,0,0,0,0,0,0,0,1,0,0,0,0,0,0,1,0,1,0,0,0,0,1,0,1,0,0,1,0,0,1,0,1,0,0.87,0.0,0.0,0.0,0.0,0.0,0.0,0.0,0.64,0.59,13.05131,80.25411,4.2,11.0,real_landmark_synthetic_attributes,needs_real_world_verification,Dataset contains synthetic/curated seed values for academic ML experimentation and must be verified before real-world deployment.
TN0024,Chetpet Eco Park,Nature & Parks,Eco Park,Chetpet,"Chetpet Eco Park is a well-known eco park located in Chetpet, Chennai, popular for nature & parks among visitors.",178,3.8,1898,1.8,Budget,1,0,0,0,0,1,1,0,0,1,1,1,0,0,0,0,0,0,0,0,1,0,0,0,0,0,0,1,0,1,0,0,0,0,1,0,1,0,0,0,0,0,1,0,1,0,0.82,0.0,0.0,0.0,0.0,0.0,0.0,0.0,0.32,0.81,13.07503,80.24234,3.7,11.9,real_landmark_synthetic_attributes,needs_real_world_verification,Dataset contains synthetic/curated seed values for academic ML experimentation and must be verified before real-world deployment.
TN0025,Adyar Eco Park (Adyar Poonga),Nature & Parks,Eco Park,Adyar,"Adyar Eco Park (Adyar Poonga) is a well-known eco park located in Adyar, Chennai, popular for nature & parks among visitors.",65,4.4,770,2.1,Free,1,0,0,0,0,1,1,0,0,1,1,1,0,0,0,0,0,0,0,0,1,0,0,0,0,0,0,1,0,1,0,0,0,0,1,0,1,0,0,0,0,0,1,0,1,0,0.97,0.0,0.0,0.0,0.0,0.0,0.0,0.0,0.32,0.54,13.00199,80.2552,9.2,9.2,real_landmark_synthetic_attributes,needs_real_world_verification,Dataset contains synthetic/curated seed values for academic ML experimentation and must be verified before real-world deployment.
TN0026,Madhavaram Botanical Garden,Nature & Parks,Botanical Garden,Madhavaram,"Madhavaram Botanical Garden is a well-known botanical garden located in Madhavaram, Chennai, popular for nature & parks among visitors.",74,4.4,481,2.5,Free,1,0,0,0,0,1,1,0,0,1,1,1,0,0,0,0,0,0,0,0,1,0,0,0,0,0,0,1,0,1,0,0,0,0,1,0,1,0,1,1,0,0,1,0,1,0,0.87,0.0,0.0,0.0,0.0,0.0,0.0,0.0,0.32,0.62,13.14762,80.23511,8.4,18.4,real_landmark_synthetic_attributes,needs_real_world_verification,Dataset contains synthetic/curated seed values for academic ML experimentation and must be verified before real-world deployment.
TN0027,Natesan Park,Nature & Parks,Neighbourhood Park,T Nagar,"Natesan Park is a well-known neighbourhood park located in T Nagar, Chennai, popular for nature & parks among visitors.",193,3.8,484,1.5,Budget,1,0,0,0,0,1,1,0,0,1,1,1,0,0,0,0,0,0,0,0,1,0,0,0,0,0,0,1,0,1,0,0,0,0,1,0,1,0,1,0,0,1,0,0,1,0,0.74,0.0,0.0,0.0,0.0,0.0,0.0,0.0,0.35,0.77,13.04018,80.2373,6.3,8.8,real_landmark_synthetic_attributes,needs_real_world_verification,Dataset contains synthetic/curated seed values for academic ML experimentation and must be verified before real-world deployment.
TN0028,Panagal Park,Nature & Parks,Neighbourhood Park,T Nagar,"Panagal Park is a well-known neighbourhood park located in T Nagar, Chennai, popular for nature & parks among visitors.",106,4.5,293,2.9,Budget,1,0,0,0,0,1,1,0,0,1,1,1,0,0,0,0,0,0,0,0,1,0,0,0,0,0,0,1,0,1,0,0,0,0,1,0,1,0,1,1,0,0,1,0,1,0,0.73,0.0,0.0,0.0,0.0,0.0,0.0,0.0,0.36,0.55,13.04199,80.23084,6.6,8.4,real_landmark_synthetic_attributes,needs_real_world_verification,Dataset contains synthetic/curated seed values for academic ML experimentation and must be verified before real-world deployment.
TN0029,Sivan Park,Nature & Parks,Neighbourhood Park,Mylapore,"Sivan Park is a well-known neighbourhood park located in Mylapore, Chennai, popular for nature & parks among visitors.",9,3.9,680,1.1,Free,1,0,0,0,0,1,1,0,0,1,1,1,0,0,0,0,0,0,0,0,1,0,0,0,0,0,0,1,0,1,0,0,0,0,1,0,1,0,1,1,0,1,0,0,1,0,0.95,0.0,0.0,0.0,0.0,0.0,0.0,0.0,0.3,0.66,13.03162,80.2716,5.7,11.7,real_landmark_synthetic_attributes,needs_real_world_verification,Dataset contains synthetic/curated seed values for academic ML experimentation and must be verified before real-world deployment.
TN0030,Anna Nagar Tower Park,Nature & Parks,City Park,Anna Nagar,"Anna Nagar Tower Park is a well-known city park located in Anna Nagar, Chennai, popular for nature & parks among visitors.",9,4.4,68,3.0,Free,1,0,0,0,0,1,1,0,0,1,1,1,0,0,0,0,0,0,0,0,1,0,0,0,0,0,0,1,0,1,0,0,0,0,1,0,1,0,1,1,0,0,1,0,1,0,0.86,0.0,0.0,0.0,0.0,0.0,0.0,0.0,0.63,0.64,13.08813,80.21268,6.8,11.4,real_landmark_synthetic_attributes,needs_real_world_verification,Dataset contains synthetic/curated seed values for academic ML experimentation and must be verified before real-world deployment.
TN0031,Nageswara Rao Park,Nature & Parks,Neighbourhood Park,T Nagar,"Nageswara Rao Park is a well-known neighbourhood park located in T Nagar, Chennai, popular for nature & parks among visitors.",174,4.0,883,2.7,Budget,1,0,0,0,0,1,1,0,0,1,1,1,0,0,0,0,0,0,0,0,1,0,0,0,0,0,0,1,0,1,0,0,0,0,1,0,1,0,0,1,0,0,1,0,1,0,0.84,0.0,0.0,0.0,0.0,0.0,0.0,0.0,0.4,0.79,13.04019,80.23399,6.5,8.5,real_landmark_synthetic_attributes,needs_real_world_verification,Dataset contains synthetic/curated seed values for academic ML experimentation and must be verified before real-world deployment.
TN0032,Pallikaranai Marsh Reserve Forest,Nature & Parks,Wetland,Pallikaranai,"Pallikaranai Marsh Reserve Forest is a well-known wetland located in Pallikaranai, Chennai, popular for nature & parks among visitors.",74,4.0,1207,2.3,Free,1,0,0,0,0,1,1,0,0,1,1,1,0,0,0,0,0,0,0,0,1,0,0,0,0,0,0,1,0,1,0,0,0,0,1,0,1,0,1,1,0,0,1,0,1,0,0.76,0.0,0.0,0.0,0.0,0.0,0.0,0.0,0.43,0.83,12.93881,80.21383,17.3,7.7,real_landmark_synthetic_attributes,needs_real_world_verification,Dataset contains synthetic/curated seed values for academic ML experimentation and must be verified before real-world deployment.
TN0033,Nanmangalam Reserve Forest,Nature & Parks,Reserve Forest,Nanmangalam,"Nanmangalam Reserve Forest is a well-known reserve forest located in Nanmangalam, Chennai, popular for nature & parks among visitors.",104,4.0,245,2.8,Budget,1,0,0,0,0,1,1,0,0,1,1,1,0,0,0,0,0,0,0,0,1,0,0,0,0,0,0,1,0,1,0,0,0,0,1,0,1,0,1,1,0,0,1,0,1,0,0.88,0.0,0.0,0.0,0.0,0.0,0.0,0.0,0.34,0.76,12.93162,80.19289,19.0,7.3,real_landmark_synthetic_attributes,needs_real_world_verification,Dataset contains synthetic/curated seed values for academic ML experimentation and must be verified before real-world deployment.
TN0034,Perumbakkam Wetland Park,Nature & Parks,Wetland Park,Perumbakkam,"Perumbakkam Wetland Park is a well-known wetland park located in Perumbakkam, Chennai, popular for nature & parks among visitors.",182,4.2,201,2.7,Budget,1,0,0,0,0,1,1,0,0,1,1,1,0,0,0,0,0,0,0,0,1,0,0,0,0,0,0,1,0,1,0,0,0,0,1,0,1,0,0,1,1,0,1,0,1,0,0.71,0.0,0.0,0.0,0.0,0.0,0.0,0.0,0.62,0.68,12.91427,80.22093,19.6,10.4,real_landmark_synthetic_attributes,needs_real_world_verification,Dataset contains synthetic/curated seed values for academic ML experimentation and must be verified before real-world deployment.
TN0035,Kotturpuram Riverside Park,Nature & Parks,Riverside Park,Kotturpuram,"Kotturpuram Riverside Park is a well-known riverside park located in Kotturpuram, Chennai, popular for nature & parks among visitors.",21,4.0,1260,2.5,Free,1,0,0,0,0,1,1,0,0,1,1,1,0,0,0,0,0,0,0,0,1,0,0,0,0,0,0,1,0,1,0,0,0,0,1,0,1,0,1,1,0,0,1,0,1,0,0.74,0.0,0.0,0.0,0.0,0.0,0.0,0.0,0.62,0.76,13.02846,80.23998,7.2,8.4,real_landmark_synthetic_attributes,needs_real_world_verification,Dataset contains synthetic/curated seed values for academic ML experimentation and must be verified before real-world deployment.
TN0036,Semmozhi Poonga Butterfly Garden Walk,Nature & Parks,Curated Experience,Cathedral Road,"A curated curated experience experience centred around Cathedral Road, designed for families interested in nature & parks. This is a synthetic experience concept, not an official standalone attraction.",192,3.9,305,2.4,Budget,1,0,0,0,0,1,1,0,0,1,1,1,0,0,0,0,0,0,0,0,1,0,0,0,0,0,0,1,0,1,0,0,0,0,1,0,1,0,1,0,1,0,1,0,1,0,0.81,0.0,0.0,0.0,0.0,0.0,0.0,0.0,0.48,0.62,13.05018,80.25432,4.3,11.0,synthetic_experience,needs_real_world_verification,Dataset contains synthetic/curated seed values for academic ML experimentation and must be verified before real-world deployment.
TN0037,Anna Nagar Tower Park Musical Fountain Evening,Nature & Parks,Curated Experience,Anna Nagar,"A curated curated experience experience centred around Anna Nagar, designed for families interested in nature & parks. This is a synthetic experience concept, not an official standalone attraction.",0,3.7,532,1.5,Free,1,0,0,0,0,0,1,1,0,1,1,1,0,0,0,0,0,0,0,0,1,0,0,0,0,0,0,1,0,1,0,0,0,0,1,0,1,0,1,0,0,1,0,0,1,0,0.75,0.0,0.0,0.0,0.0,0.0,0.0,0.0,0.56,0.72,13.0846,80.21353,6.7,11.1,synthetic_experience,needs_real_world_verification,Dataset contains synthetic/curated seed values for academic ML experimentation and must be verified before real-world deployment.
TN0038,Adyar Eco Park Birdwatching Trail,Nature & Parks,Curated Experience,Adyar,"A curated curated experience experience centred around Adyar, designed for families interested in nature & parks. This is a synthetic experience concept, not an official standalone attraction.",94,4.1,799,1.6,Free,1,0,0,0,0,1,1,0,0,1,1,1,0,0,0,0,0,0,0,0,1,0,0,0,0,0,0,1,0,1,0,0,0,0,1,0,1,0,0,1,0,0,1,0,1,0,0.8,0.0,0.0,0.0,0.0,0.0,0.0,0.0,0.55,0.85,13.0029,80.25922,9.0,9.6,synthetic_experience,needs_real_world_verification,Dataset contains synthetic/curated seed values for academic ML experimentation and must be verified before real-world deployment.
TN0039,Guindy Park Morning Nature Walk,Nature & Parks,Curated Experience,Guindy,"A curated curated experience experience centred around Guindy, designed for families interested in nature & parks. This is a synthetic experience concept, not an official standalone attraction.",142,4.6,364,2.0,Budget,1,0,0,0,0,1,1,0,0,1,1,1,0,0,0,0,0,0,0,0,1,0,0,0,0,0,0,1,0,1,0,0,0,0,1,0,1,0,1,1,0,0,1,0,1,0,0.85,0.0,0.0,0.0,0.0,0.0,0.0,0.0,0.47,0.58,13.0062,80.22442,10.1,6.0,synthetic_experience,needs_real_world_verification,Dataset contains synthetic/curated seed values for academic ML experimentation and must be verified before real-world deployment.
TN0040,Chetpet Eco Park Family Picnic Session,Nature & Parks,Curated Experience,Chetpet,"A curated curated experience experience centred around Chetpet, designed for families interested in nature & parks. This is a synthetic experience concept, not an official standalone attraction.",161,3.5,528,2.8,Budget,1,0,0,0,1,1,1,0,0,1,1,1,0,0,0,0,0,0,0,0,1,0,0,0,0,0,0,1,0,1,0,0,0,0,1,0,1,0,1,1,0,0,1,0,1,0,0.73,0.0,0.0,0.0,0.0,0.0,0.0,0.0,0.64,0.81,13.07201,80.24585,3.4,11.9,synthetic_experience,needs_real_world_verification,Dataset contains synthetic/curated seed values for academic ML experimentation and must be verified before real-world deployment.
TN0041,Arignar Anna Zoological Park (Vandalur Zoo),Wildlife,Zoo,Vandalur,"Arignar Anna Zoological Park (Vandalur Zoo) is a well-known zoo located in Vandalur, Chennai, popular for wildlife among visitors.",427,4.1,165,4.7,Moderate,1,0,0,0,0,1,1,0,0,1,1,1,0,0,0,0,0,0,0,0,0,1,0,0,0,0,0,1,0,0,0,0,1,0,0,0,0,1,1,1,1,0,0,1,1,0,0.43,0.0,0.0,0.0,0.0,0.0,0.0,0.0,0.59,0.0,12.89346,80.08225,29.7,14.7,real_landmark_synthetic_attributes,needs_real_world_verification,Dataset contains synthetic/curated seed values for academic ML experimentation and must be verified before real-world deployment.
TN0042,Chennai Snake Park,Wildlife,Reptile Park,Guindy,"Chennai Snake Park is a well-known reptile park located in Guindy, Chennai, popular for wildlife among visitors.",566,4.1,990,5.8,Moderate,1,0,0,0,0,1,1,0,0,1,1,1,0,0,0,0,0,0,0,0,0,1,0,0,0,0,0,1,0,0,0,0,1,0,0,0,0,0,1,1,1,0,0,1,0,0,0.69,0.0,0.0,0.0,0.0,0.0,0.0,0.0,0.58,0.0,13.00657,80.22067,10.3,5.6,real_landmark_synthetic_attributes,needs_real_world_verification,Dataset contains synthetic/curated seed values for academic ML experimentation and must be verified before real-world deployment.
TN0043,Madras Crocodile Bank Trust,Wildlife,Crocodile Sanctuary,Muttukadu / ECR,"Madras Crocodile Bank Trust is a well-known crocodile sanctuary located in Muttukadu / ECR, Chennai, popular for wildlife among visitors.",349,4.0,371,4.1,Moderate,1,0,0,0,0,1,1,0,0,1,1,1,0,0,0,0,0,0,0,0,0,1,0,0,0,0,0,1,0,0,0,0,1,0,0,0,0,1,1,1,0,0,0,1,1,0,0.57,0.0,0.0,0.0,0.0,0.0,0.0,0.0,0.47,0.0,12.85498,80.24873,25.5,17.6,real_landmark_synthetic_attributes,needs_real_world_verification,Dataset contains synthetic/curated seed values for academic ML experimentation and must be verified before real-world deployment.
TN0044,VGP Marine Kingdom Aquarium,Wildlife,Aquarium,Injambakkam,"VGP Marine Kingdom Aquarium is a well-known aquarium located in Injambakkam, Chennai, popular for wildlife among visitors.",574,4.0,173,4.7,Moderate,1,0,0,0,0,1,1,0,0,1,1,1,0,0,0,0,0,0,0,0,0,1,0,0,0,0,1,0,0,0,0,0,1,0,0,0,0,0,0,1,1,0,0,1,0,0,0.48,0.0,0.0,0.0,0.0,0.0,0.0,0.0,0.5,0.0,12.93417,80.24409,16.9,10.4,real_landmark_synthetic_attributes,needs_real_world_verification,Dataset contains synthetic/curated seed values for academic ML experimentation and must be verified before real-world deployment.
TN0045,Muttukadu Boat House Backwater Ride,Adventure,Boating,Muttukadu,"Muttukadu Boat House Backwater Ride is a well-known boating located in Muttukadu, Chennai, popular for adventure among visitors.",1792,3.9,3527,1.4,High,0,1,0,0,0,0,1,1,0,1,1,0,0,1,0,0,0,0,0,0,0,0,0,0,0,0,0,1,0,0,1,0,0,1,1,0,0,1,0,0,0,1,0,0,0,1,0.0,0.0,0.85,0.0,0.0,0.0,0.0,0.0,0.53,0.2,12.8576,80.25116,25.2,17.5,real_landmark_synthetic_attributes,needs_real_world_verification,Dataset contains synthetic/curated seed values for academic ML experimentation and must be verified before real-world deployment.
TN0046,Muttukadu Water Sports Complex,Adventure,Water Sports,Muttukadu,"Muttukadu Water Sports Complex is a well-known water sports located in Muttukadu, Chennai, popular for adventure among visitors.",1676,4.1,715,3.0,High,0,1,0,0,0,0,1,1,0,1,1,0,0,1,0,0,0,0,0,0,0,0,0,0,0,0,0,1,0,0,0,0,0,1,1,0,0,1,0,0,0,0,1,0,0,1,0.0,0.0,0.72,0.0,0.0,0.0,0.0,0.0,0.54,0.11,12.85603,80.24994,25.4,17.6,real_landmark_synthetic_attributes,needs_real_world_verification,Dataset contains synthetic/curated seed values for academic ML experimentation and must be verified before real-world deployment.
TN0047,Covelong Point Surfing Session,Adventure,Surfing,Kovalam,"Covelong Point Surfing Session is a well-known surfing located in Kovalam, Chennai, popular for adventure among visitors.",1698,4.5,1933,1.5,High,0,1,0,0,0,0,1,1,0,1,1,0,0,1,0,0,0,0,0,0,0,0,0,0,0,0,0,1,0,0,0,0,0,1,1,0,0,1,0,0,0,1,0,0,0,1,0.0,0.0,0.71,0.0,0.0,0.0,0.0,0.0,0.43,0.12,12.78663,80.25031,33.0,24.6,real_landmark_synthetic_attributes,needs_real_world_verification,Dataset contains synthetic/curated seed values for academic ML experimentation and must be verified before real-world deployment.
TN0048,ECR Kayaking Experience,Adventure,Kayaking,Muttukadu / ECR,"A curated kayaking experience centred around Muttukadu / ECR, designed for friends interested in adventure. This is a synthetic experience concept, not an official standalone attraction.",1840,4.0,302,2.9,High,0,1,0,0,0,0,1,1,0,1,1,0,0,1,0,0,0,0,0,0,0,0,0,0,0,0,0,1,0,0,0,0,0,1,1,0,1,1,0,0,0,0,1,0,0,1,0.0,0.0,0.8,0.0,0.0,0.0,0.0,0.0,0.56,0.15,12.85969,80.25156,24.9,17.3,synthetic_experience,needs_real_world_verification,Dataset contains synthetic/curated seed values for academic ML experimentation and must be verified before real-world deployment.
TN0049,Vandalur Zoo Safari Tram Experience,Wildlife,Curated Experience,Vandalur,"A curated curated experience experience centred around Vandalur, designed for families interested in wildlife. This is a synthetic experience concept, not an official standalone attraction.",406,4.1,202,5.5,Moderate,1,0,0,0,0,1,1,0,0,1,1,1,0,0,0,0,0,0,0,0,0,1,0,0,0,0,0,1,0,0,0,0,1,0,0,0,1,1,1,1,0,0,0,1,1,0,0.69,0.0,0.0,0.0,0.0,0.0,0.0,0.0,0.55,0.0,12.89404,80.0797,29.8,14.9,synthetic_experience,needs_real_world_verification,Dataset contains synthetic/curated seed values for academic ML experimentation and must be verified before real-world deployment.
TN0050,Crocodile Bank Guided Feeding Tour,Wildlife,Curated Experience,Muttukadu / ECR,"A curated curated experience experience centred around Muttukadu / ECR, designed for families interested in wildlife. This is a synthetic experience concept, not an official standalone attraction.",561,4.1,257,4.4,Moderate,1,0,0,0,0,1,1,0,0,1,1,1,0,0,0,0,0,0,0,0,0,1,0,0,0,0,0,1,0,0,0,0,1,0,0,0,1,1,1,1,0,0,0,1,0,0,0.41,0.0,0.0,0.0,0.0,0.0,0.0,0.0,0.5,0.0,12.85591,80.25081,25.4,17.6,synthetic_experience,needs_real_world_verification,Dataset contains synthetic/curated seed values for academic ML experimentation and must be verified before real-world deployment.
TN0051,Guindy National Park Cycling Trail,Adventure,Cycling,Guindy,"A curated cycling experience centred around Guindy, designed for friends interested in adventure. This is a synthetic experience concept, not an official standalone attraction.",1934,4.2,1462,1.7,High,0,1,0,0,0,0,1,1,0,1,1,0,0,1,0,0,0,0,0,0,0,0,0,0,0,0,0,1,0,0,0,0,0,1,1,0,1,1,0,0,0,0,1,0,0,1,0.0,0.0,0.81,0.0,0.0,0.0,0.0,0.0,0.44,0.22,13.01147,80.22391,9.7,6.1,synthetic_experience,needs_real_world_verification,Dataset contains synthetic/curated seed values for academic ML experimentation and must be verified before real-world deployment.
TN0052,ECR ATV Off-Road Ride,Adventure,ATV / Off-roading,Injambakkam,"A curated atv / off-roading experience centred around Injambakkam, designed for friends interested in adventure. This is a synthetic experience concept, not an official standalone attraction.",514,4.8,1342,1.6,Moderate,0,1,0,0,0,0,1,1,0,1,1,0,0,1,0,0,0,0,0,0,0,0,0,0,0,0,0,1,0,0,0,0,0,1,1,0,1,1,0,0,0,0,1,0,0,0,0.0,0.0,0.83,0.0,0.0,0.0,0.0,0.0,0.6,0.15,12.93435,80.24841,16.8,10.7,synthetic_experience,needs_real_world_verification,Dataset contains synthetic/curated seed values for academic ML experimentation and must be verified before real-world deployment.
TN0053,Horse Riding at ECR Beach Stables,Adventure,Horse Riding,Neelankarai,"A curated horse riding experience centred around Neelankarai, designed for friends interested in adventure. This is a synthetic experience concept, not an official standalone attraction.",1283,4.5,328,1.5,Premium,0,1,0,0,0,0,1,1,0,1,1,0,0,1,0,0,0,0,0,0,0,0,0,0,0,0,0,1,0,0,0,0,0,1,1,0,1,1,0,0,0,1,0,0,0,1,0.0,0.0,0.9,0.0,0.0,0.0,0.0,0.0,0.63,0.28,12.94322,80.2524,15.7,10.5,synthetic_experience,needs_real_world_verification,Dataset contains synthetic/curated seed values for academic ML experimentation and must be verified before real-world deployment.
TN0054,Panaiyur Beach Parasailing Experience,Adventure,Water Sports,Panaiyur,"A curated water sports experience centred around Panaiyur, designed for friends interested in adventure. This is a synthetic experience concept, not an official standalone attraction.",768,4.1,355,1.1,Moderate,0,1,0,0,0,0,1,1,0,1,1,0,0,1,0,0,0,0,0,0,0,0,0,0,0,0,0,1,0,0,0,0,0,1,1,0,1,1,0,0,0,1,0,0,0,0,0.0,0.0,0.82,0.0,0.0,0.0,0.0,0.0,0.44,0.15,12.89911,80.24329,20.7,13.2,synthetic_experience,needs_real_world_verification,Dataset contains synthetic/curated seed values for academic ML experimentation and must be verified before real-world deployment.
TN0055,Snake Park Reptile Awareness Session,Wildlife,Curated Experience,Guindy,"A curated curated experience experience centred around Guindy, designed for families interested in wildlife. This is a synthetic experience concept, not an official standalone attraction.",211,4.3,42,3.0,Budget,1,0,0,0,0,1,1,0,0,1,1,1,0,0,0,0,0,0,0,0,0,1,0,0,0,0,0,1,0,0,0,0,1,0,0,0,1,0,1,1,0,0,1,0,1,0,0.43,0.0,0.0,0.0,0.0,0.0,0.0,0.0,0.6,0.0,13.006,80.22004,10.4,5.5,synthetic_experience,needs_real_world_verification,Dataset contains synthetic/curated seed values for academic ML experimentation and must be verified before real-world deployment.
TN0056,Government Museum Chennai (Egmore),Museum & Science,Museum,Egmore,"Government Museum Chennai (Egmore) is a well-known museum located in Egmore, Chennai, popular for museum & science among visitors.",90,3.7,656,2.1,Free,1,0,0,0,0,1,1,0,0,1,1,0,0,0,1,0,1,0,0,0,0,0,0,1,0,0,1,0,0,0,0,0,1,0,0,0,1,0,1,1,1,0,1,0,1,0,0.0,0.0,0.0,0.75,0.0,0.5,0.0,0.0,0.49,0.0,13.07154,80.25789,2.3,12.8,real_landmark_synthetic_attributes,needs_real_world_verification,Dataset contains synthetic/curated seed values for academic ML experimentation and must be verified before real-world deployment.
TN0057,National Art Gallery Chennai,Museum & Science,Art Museum,Egmore,"National Art Gallery Chennai is a well-known art museum located in Egmore, Chennai, popular for museum & science among visitors.",88,4.4,1652,2.1,Free,1,0,0,0,0,1,1,0,0,1,1,0,0,0,1,0,1,0,0,0,0,0,0,1,0,0,1,0,0,0,0,0,1,0,0,0,1,0,0,1,1,0,1,0,1,0,0.0,0.0,0.0,0.76,0.0,0.7,0.0,0.0,0.29,0.0,13.07625,80.25795,2.0,13.1,real_landmark_synthetic_attributes,needs_real_world_verification,Dataset contains synthetic/curated seed values for academic ML experimentation and must be verified before real-world deployment.
TN0058,"Bronze Gallery, Government Museum",Museum & Science,Museum,Egmore,"Bronze Gallery, Government Museum is a well-known museum located in Egmore, Chennai, popular for museum & science among visitors.",204,4.3,461,2.2,Budget,1,0,0,0,0,1,1,0,0,1,1,0,0,0,1,0,1,0,0,0,0,0,0,1,0,0,1,0,0,0,0,0,1,0,0,0,1,0,1,1,1,0,1,0,1,0,0.0,0.0,0.0,0.6,0.0,0.58,0.0,0.0,0.26,0.0,13.07479,80.26375,1.5,13.5,real_landmark_synthetic_attributes,needs_real_world_verification,Dataset contains synthetic/curated seed values for academic ML experimentation and must be verified before real-world deployment.
TN0059,"Fort Museum, Fort St. George",Museum & Science,Museum,Fort St. George,"Fort Museum, Fort St. George is a well-known museum located in Fort St. George, Chennai, popular for museum & science among visitors.",232,4.5,488,2.0,Budget,1,0,0,0,0,1,1,0,0,1,1,0,0,0,1,0,1,0,0,0,0,0,0,1,0,0,1,0,0,0,0,0,1,0,0,0,1,0,0,1,0,0,1,0,1,0,0.0,0.0,0.0,0.63,0.0,0.69,0.0,0.0,0.25,0.0,13.0775,80.28682,1.4,15.6,real_landmark_synthetic_attributes,needs_real_world_verification,Dataset contains synthetic/curated seed values for academic ML experimentation and must be verified before real-world deployment.
TN0060,Vivekananda House,Museum & Science,Memorial Museum,Marina,"Vivekananda House is a well-known memorial museum located in Marina, Chennai, popular for museum & science among visitors.",176,3.8,259,1.5,Budget,1,0,0,0,0,1,1,0,0,1,1,0,0,0,1,0,1,0,0,0,0,0,0,1,0,0,1,0,0,0,0,0,1,0,0,0,1,0,0,1,1,1,0,0,1,0,0.0,0.0,0.0,0.44,0.0,0.59,0.0,0.0,0.44,0.0,13.05218,80.28387,3.5,13.8,real_landmark_synthetic_attributes,needs_real_world_verification,Dataset contains synthetic/curated seed values for academic ML experimentation and must be verified before real-world deployment.
TN0061,Chennai Rail Museum,Museum & Science,Rail Museum,Perambur,"Chennai Rail Museum is a well-known rail museum located in Perambur, Chennai, popular for museum & science among visitors.",50,4.4,3479,2.9,Free,1,0,0,0,0,1,1,0,0,1,1,0,0,0,1,0,1,0,0,0,0,0,0,1,0,0,1,0,0,0,0,0,1,0,0,0,1,0,1,1,0,0,1,0,1,0,0.0,0.0,0.0,0.43,0.0,0.63,0.0,0.0,0.28,0.0,13.11562,80.23606,5.6,15.2,real_landmark_synthetic_attributes,needs_real_world_verification,Dataset contains synthetic/curated seed values for academic ML experimentation and must be verified before real-world deployment.
TN0062,Birla Planetarium,Museum & Science,Planetarium,Kotturpuram,"Birla Planetarium is a well-known planetarium located in Kotturpuram, Chennai, popular for museum & science among visitors.",57,4.5,204,2.7,Free,1,0,0,0,0,1,1,0,0,1,1,0,0,0,1,0,1,0,0,0,0,0,0,1,0,0,1,0,0,0,0,0,1,0,0,0,1,0,0,1,0,0,1,0,1,0,0.0,0.0,0.0,0.71,0.0,0.66,0.0,0.0,0.46,0.0,13.02325,80.24117,7.6,8.3,real_landmark_synthetic_attributes,needs_real_world_verification,Dataset contains synthetic/curated seed values for academic ML experimentation and must be verified before real-world deployment.
TN0063,Periyar Science and Technology Centre,Museum & Science,Science Centre,Kotturpuram,"Periyar Science and Technology Centre is a well-known science centre located in Kotturpuram, Chennai, popular for museum & science among visitors.",85,4.0,155,2.1,Free,1,0,0,0,0,1,1,0,0,1,1,0,0,0,1,0,1,0,0,0,0,0,0,1,0,0,1,0,0,0,0,0,1,0,0,0,1,0,1,1,1,0,1,0,1,0,0.0,0.0,0.0,0.43,0.0,0.42,0.0,0.0,0.48,0.0,13.02244,80.24167,7.6,8.3,real_landmark_synthetic_attributes,needs_real_world_verification,Dataset contains synthetic/curated seed values for academic ML experimentation and must be verified before real-world deployment.
TN0064,Anna Science Centre and Planetarium,Museum & Science,Science Centre,Kotturpuram,"Anna Science Centre and Planetarium is a well-known science centre located in Kotturpuram, Chennai, popular for museum & science among visitors.",113,4.4,405,2.7,Budget,1,0,0,0,0,1,1,0,0,1,1,0,0,0,1,0,1,0,0,0,0,0,0,1,0,0,1,0,0,0,0,0,1,0,0,0,1,0,0,1,1,0,1,0,1,0,0.0,0.0,0.0,0.6,0.0,0.7,0.0,0.0,0.2,0.0,13.02695,80.23812,7.4,8.1,real_landmark_synthetic_attributes,needs_real_world_verification,Dataset contains synthetic/curated seed values for academic ML experimentation and must be verified before real-world deployment.
TN0065,"Contemporary Art Gallery, Egmore",Museum & Science,Art Museum,Egmore,"Contemporary Art Gallery, Egmore is a well-known art museum located in Egmore, Chennai, popular for museum & science among visitors.",191,4.3,390,3.0,Budget,1,0,0,0,0,1,1,0,0,1,1,0,0,0,1,0,1,0,0,0,0,0,0,1,0,0,1,0,0,0,0,0,1,0,0,0,1,0,0,1,1,0,1,0,1,0,0.0,0.0,0.0,0.66,0.0,0.49,0.0,0.0,0.47,0.0,13.06981,80.26018,2.2,12.8,real_landmark_synthetic_attributes,needs_real_world_verification,Dataset contains synthetic/curated seed values for academic ML experimentation and must be verified before real-world deployment.
TN0066,Chennai Marina Aquarium,Museum & Science,Aquarium,Marina,"Chennai Marina Aquarium is a well-known aquarium located in Marina, Chennai, popular for museum & science among visitors.",90,3.8,895,2.5,Free,1,0,0,0,0,1,1,0,0,1,1,0,0,0,1,0,1,0,0,0,0,0,0,1,0,0,1,0,0,0,0,0,1,0,0,0,1,0,1,1,1,0,1,0,1,0,0.0,0.0,0.0,0.8,0.0,0.44,0.0,0.0,0.3,0.0,13.05034,80.28496,3.7,13.8,real_landmark_synthetic_attributes,needs_real_world_verification,Dataset contains synthetic/curated seed values for academic ML experimentation and must be verified before real-world deployment.
TN0067,DakshinaChitra Heritage Museum,Museum & Science,Heritage Museum,ECR (Muttukadu),"DakshinaChitra Heritage Museum is a well-known heritage museum located in ECR (Muttukadu), Chennai, popular for museum & science among visitors.",145,3.8,63,2.1,Budget,1,0,0,0,0,1,1,0,0,1,1,0,0,0,1,0,1,0,0,0,0,0,0,1,0,0,1,0,0,0,0,0,1,0,0,0,1,1,1,1,0,0,1,0,1,0,0.0,0.0,0.0,0.55,0.0,0.54,0.0,0.0,0.25,0.0,12.85805,80.24944,25.1,17.4,real_landmark_synthetic_attributes,needs_real_world_verification,Dataset contains synthetic/curated seed values for academic ML experimentation and must be verified before real-world deployment.
TN0068,Government Museum Numismatics Gallery Tour,Museum & Science,Curated Experience,Egmore,"A curated curated experience experience centred around Egmore, designed for families interested in museum & science. This is a synthetic experience concept, not an official standalone attraction.",150,3.9,304,2.4,Budget,1,0,0,0,0,1,1,0,0,1,1,0,0,0,1,0,1,0,0,0,0,0,0,1,0,0,1,0,0,0,0,0,1,0,0,0,1,0,0,1,1,0,1,0,1,0,0.0,0.0,0.0,0.4,0.0,0.62,0.0,0.0,0.32,0.0,13.07546,80.26138,1.7,13.3,synthetic_experience,needs_real_world_verification,Dataset contains synthetic/curated seed values for academic ML experimentation and must be verified before real-world deployment.
TN0069,Rail Museum Kids Model Train Experience,Museum & Science,Curated Experience,Perambur,"A curated curated experience experience centred around Perambur, designed for families interested in museum & science. This is a synthetic experience concept, not an official standalone attraction.",236,4.2,1067,2.7,Budget,1,0,0,0,1,1,1,0,0,1,1,0,0,0,1,0,1,0,0,0,0,0,0,1,0,0,1,0,0,0,0,0,1,0,0,0,1,0,1,1,1,0,1,0,1,0,0.0,0.0,0.0,0.55,0.0,0.42,0.0,0.0,0.46,0.0,13.1153,80.23328,5.8,15.1,synthetic_experience,needs_real_world_verification,Dataset contains synthetic/curated seed values for academic ML experimentation and must be verified before real-world deployment.
TN0070,Planetarium Night Sky Show Experience,Museum & Science,Curated Experience,Kotturpuram,"A curated curated experience experience centred around Kotturpuram, designed for families interested in museum & science. This is a synthetic experience concept, not an official standalone attraction.",187,4.5,692,1.7,Budget,1,0,0,0,0,1,1,0,1,1,1,0,0,0,1,0,1,0,0,0,0,0,0,1,0,0,1,0,0,0,0,0,1,0,0,0,1,0,0,1,1,0,1,0,1,0,0.0,0.0,0.0,0.57,0.0,0.42,0.0,0.0,0.29,0.0,13.0251,80.23714,7.6,8.0,synthetic_experience,needs_real_world_verification,Dataset contains synthetic/curated seed values for academic ML experimentation and must be verified before real-world deployment.
TN0071,Fort St. George,Heritage,Colonial Fort,Fort St. George,"Fort St. George is a well-known colonial fort located in Fort St. George, Chennai, popular for heritage among visitors.",17,4.2,869,2.3,Free,0,0,0,0,0,1,1,0,0,1,1,0,0,0,1,0,1,0,0,1,0,0,0,0,0,1,0,0,0,0,0,0,1,0,1,0,1,0,1,0,0,0,1,0,1,0,0.0,0.0,0.0,0.74,0.0,0.61,0.0,0.0,0.73,0.0,13.0781,80.28967,1.6,15.9,real_landmark_synthetic_attributes,needs_real_world_verification,Dataset contains synthetic/curated seed values for academic ML experimentation and must be verified before real-world deployment.
TN0072,"St. Mary's Church, Fort St. George",Heritage,Colonial Church,Fort St. George,"St. Mary's Church, Fort St. George is a well-known colonial church located in Fort St. George, Chennai, popular for heritage among visitors.",219,4.2,289,1.5,Budget,0,0,0,0,0,1,1,0,0,1,1,0,0,0,1,0,1,0,0,1,0,0,0,0,0,1,1,0,0,0,0,1,1,0,1,0,1,0,0,1,1,1,0,0,1,0,0.0,0.0,0.0,0.79,0.0,0.69,0.0,0.0,0.61,0.0,13.08096,80.28468,1.0,15.7,real_landmark_synthetic_attributes,needs_real_world_verification,Dataset contains synthetic/curated seed values for academic ML experimentation and must be verified before real-world deployment.
TN0073,Valluvar Kottam,Heritage,Monument,Nungambakkam,"Valluvar Kottam is a well-known monument located in Nungambakkam, Chennai, popular for heritage among visitors.",123,4.0,1217,1.3,Budget,0,0,0,0,0,1,1,0,0,1,1,0,0,0,1,0,1,0,0,1,0,0,0,0,0,1,0,0,0,0,0,0,1,0,1,0,1,0,1,0,0,1,0,0,1,0,0.0,0.0,0.0,0.86,0.0,0.75,0.0,0.0,0.68,0.0,13.06009,80.24185,4.4,10.6,real_landmark_synthetic_attributes,needs_real_world_verification,Dataset contains synthetic/curated seed values for academic ML experimentation and must be verified before real-world deployment.
TN0074,Ripon Building,Heritage,Colonial Architecture,Park Town,"Ripon Building is a well-known colonial architecture located in Park Town, Chennai, popular for heritage among visitors.",242,4.1,1399,2.4,Budget,0,0,0,0,0,1,1,0,0,1,1,0,0,0,1,0,1,0,0,1,0,0,0,0,0,1,0,0,0,0,0,0,1,0,1,0,1,0,0,0,0,0,1,0,1,0,0.0,0.0,0.0,0.77,0.0,0.56,0.0,0.0,0.67,0.0,13.08762,80.27916,0.7,15.7,real_landmark_synthetic_attributes,needs_real_world_verification,Dataset contains synthetic/curated seed values for academic ML experimentation and must be verified before real-world deployment.
TN0075,Victoria Public Hall,Heritage,Colonial Architecture,Park Town,"Victoria Public Hall is a well-known colonial architecture located in Park Town, Chennai, popular for heritage among visitors.",21,4.0,737,2.3,Free,0,0,0,0,0,1,1,0,0,1,1,0,0,0,1,0,1,0,0,1,0,0,0,0,0,1,0,0,0,0,0,0,1,0,1,0,1,0,1,1,1,0,1,0,1,0,0.0,0.0,0.0,0.88,0.0,0.56,0.0,0.0,0.42,0.0,13.08413,80.27957,0.5,15.5,real_landmark_synthetic_attributes,needs_real_world_verification,Dataset contains synthetic/curated seed values for academic ML experimentation and must be verified before real-world deployment.
TN0076,Royapuram Railway Station,Heritage,Colonial Railway Station,Royapuram,"Royapuram Railway Station is a well-known colonial railway station located in Royapuram, Chennai, popular for heritage among visitors.",245,4.0,2150,2.2,Budget,0,0,0,0,0,1,1,0,0,1,1,0,0,0,1,0,1,0,0,1,0,0,0,0,0,1,0,0,0,0,0,0,1,0,1,0,1,0,1,0,0,0,1,0,1,0,0.0,0.0,0.0,0.94,0.0,0.67,0.0,0.0,0.71,0.0,13.11462,80.29475,4.1,19.0,real_landmark_synthetic_attributes,needs_real_world_verification,Dataset contains synthetic/curated seed values for academic ML experimentation and must be verified before real-world deployment.
TN0077,"Senate House, University of Madras",Heritage,Colonial Architecture,Chepauk,"Senate House, University of Madras is a well-known colonial architecture located in Chepauk, Chennai, popular for heritage among visitors.",65,4.4,263,1.6,Free,0,0,0,0,0,1,1,0,0,1,1,0,0,0,1,0,1,0,0,1,0,0,0,0,0,1,0,0,0,0,0,0,1,0,1,0,1,0,1,0,1,0,1,0,1,0,0.0,0.0,0.0,0.89,0.0,0.55,0.0,0.0,0.58,0.0,13.06608,80.27877,1.9,14.2,real_landmark_synthetic_attributes,needs_real_world_verification,Dataset contains synthetic/curated seed values for academic ML experimentation and must be verified before real-world deployment.
TN0078,Chepauk Palace,Heritage,Nawabi Palace,Chepauk,"Chepauk Palace is a well-known nawabi palace located in Chepauk, Chennai, popular for heritage among visitors.",129,4.3,205,1.9,Budget,0,0,0,0,0,1,1,0,0,1,1,0,0,0,1,0,1,0,0,1,0,0,0,0,0,1,0,0,0,0,0,0,1,0,1,0,1,0,1,0,0,0,1,0,1,0,0.0,0.0,0.0,0.9,0.0,0.66,0.0,0.0,0.7,0.0,13.06438,80.28009,2.1,14.2,real_landmark_synthetic_attributes,needs_real_world_verification,Dataset contains synthetic/curated seed values for academic ML experimentation and must be verified before real-world deployment.
TN0079,Madras High Court Heritage Precinct,Heritage,Colonial Architecture,Parrys / High Court,"Madras High Court Heritage Precinct is a well-known colonial architecture located in Parrys / High Court, Chennai, popular for heritage among visitors.",264,4.6,316,2.1,Budget,0,0,0,0,0,1,1,0,0,1,1,0,0,0,1,0,1,0,0,1,0,0,0,0,0,1,0,0,0,0,0,0,1,0,1,0,1,0,1,0,0,0,1,0,1,0,0.0,0.0,0.0,0.95,0.0,0.63,0.0,0.0,0.42,0.0,13.08857,80.28366,1.1,16.1,real_landmark_synthetic_attributes,needs_real_world_verification,Dataset contains synthetic/curated seed values for academic ML experimentation and must be verified before real-world deployment.
TN0080,Chennai Central Railway Station Heritage Building,Heritage,Colonial Railway Station,Chennai Central,"Chennai Central Railway Station Heritage Building is a well-known colonial railway station located in Chennai Central, Chennai, popular for heritage among visitors.",279,4.1,1377,2.2,Budget,0,0,0,0,0,1,1,0,0,1,1,0,0,0,1,0,1,0,0,1,0,0,0,0,0,1,0,0,0,0,0,0,1,0,1,0,1,0,1,1,0,0,1,0,1,0,0.0,0.0,0.0,0.77,0.0,0.72,0.0,0.0,0.72,0.0,13.08057,80.27202,0.4,14.6,real_landmark_synthetic_attributes,needs_real_world_verification,Dataset contains synthetic/curated seed values for academic ML experimentation and must be verified before real-world deployment.
TN0081,Amir Mahal,Heritage,Nawabi Palace,Royapettah,"Amir Mahal is a well-known nawabi palace located in Royapettah, Chennai, popular for heritage among visitors.",245,4.4,1919,1.0,Budget,0,0,0,0,0,1,1,0,0,1,1,0,0,0,1,0,1,0,0,1,0,0,0,0,0,1,0,0,0,0,0,0,1,0,1,0,1,0,1,0,1,1,0,0,1,0,0.0,0.0,0.0,0.9,0.0,0.72,0.0,0.0,0.53,0.0,13.05252,80.26143,3.7,11.8,real_landmark_synthetic_attributes,needs_real_world_verification,Dataset contains synthetic/curated seed values for academic ML experimentation and must be verified before real-world deployment.
TN0082,MGR Memorial (Marina),Heritage,Memorial,Marina,"MGR Memorial (Marina) is a well-known memorial located in Marina, Chennai, popular for heritage among visitors.",9,4.5,576,1.7,Free,0,0,0,0,0,1,1,0,0,1,1,0,0,0,1,0,1,0,0,1,0,0,0,0,0,1,0,0,0,0,0,0,1,0,1,0,1,0,0,0,0,0,1,0,1,0,0.0,0.0,0.0,0.76,0.0,0.64,0.0,0.0,0.71,0.0,13.04759,80.28378,4.0,13.6,real_landmark_synthetic_attributes,needs_real_world_verification,Dataset contains synthetic/curated seed values for academic ML experimentation and must be verified before real-world deployment.
TN0083,Anna Memorial (Marina),Heritage,Memorial,Marina,"Anna Memorial (Marina) is a well-known memorial located in Marina, Chennai, popular for heritage among visitors.",268,3.7,1434,1.8,Budget,0,0,0,0,0,1,1,0,0,1,1,0,0,0,1,0,1,0,0,1,0,0,0,0,0,1,0,0,0,0,0,0,1,0,1,0,1,0,1,0,1,0,1,0,1,0,0.0,0.0,0.0,0.85,0.0,0.79,0.0,0.0,0.48,0.0,13.04808,80.27843,3.9,13.1,real_landmark_synthetic_attributes,needs_real_world_verification,Dataset contains synthetic/curated seed values for academic ML experimentation and must be verified before real-world deployment.
TN0084,Gandhi Mandapam,Heritage,Memorial,Guindy,"Gandhi Mandapam is a well-known memorial located in Guindy, Chennai, popular for heritage among visitors.",295,4.3,571,2.0,Budget,0,0,0,0,0,1,1,0,0,1,1,0,0,0,1,0,1,0,0,1,0,0,0,0,0,1,0,0,0,0,0,0,1,0,1,0,1,0,1,1,0,0,1,0,1,0,0.0,0.0,0.0,0.87,0.0,0.52,0.0,0.0,0.58,0.0,13.01061,80.22096,10.0,5.7,real_landmark_synthetic_attributes,needs_real_world_verification,Dataset contains synthetic/curated seed values for academic ML experimentation and must be verified before real-world deployment.
TN0085,Luz Church (Church of Our Lady of Light),Heritage,Colonial Church,Mylapore,"Luz Church (Church of Our Lady of Light) is a well-known colonial church located in Mylapore, Chennai, popular for heritage among visitors.",69,4.0,358,2.5,Free,0,0,0,0,0,1,1,0,0,1,1,0,0,0,1,0,1,0,0,1,0,0,0,0,0,1,1,0,0,0,0,1,1,0,1,0,1,0,0,1,0,0,1,0,1,0,0.0,0.0,0.0,0.84,0.0,0.61,0.0,0.0,0.5,0.0,13.03634,80.26917,5.2,11.6,real_landmark_synthetic_attributes,needs_real_world_verification,Dataset contains synthetic/curated seed values for academic ML experimentation and must be verified before real-world deployment.
TN0086,George Town Heritage Walk,Heritage,Curated Experience,George Town,"A curated curated experience experience centred around George Town, designed for solo travellers interested in heritage. This is a synthetic experience concept, not an official standalone attraction.",223,4.1,184,2.1,Budget,0,0,0,0,0,1,1,0,0,1,1,0,0,0,1,0,1,0,0,1,0,0,0,0,0,1,0,0,0,0,0,0,1,0,1,0,1,0,0,1,1,0,1,0,1,0,0.0,0.0,0.0,0.77,0.0,0.64,0.0,0.0,0.6,0.0,13.09415,80.28768,1.8,16.8,synthetic_experience,needs_real_world_verification,Dataset contains synthetic/curated seed values for academic ML experimentation and must be verified before real-world deployment.
TN0087,Mylapore Heritage Walk,Heritage,Curated Experience,Mylapore,"A curated curated experience experience centred around Mylapore, designed for solo travellers interested in heritage. This is a synthetic experience concept, not an official standalone attraction.",183,3.9,631,1.3,Budget,0,0,0,0,0,1,1,0,0,1,1,0,0,0,1,0,1,0,0,1,0,0,0,0,0,1,0,0,0,0,0,0,1,0,1,0,1,0,1,0,0,1,0,0,1,0,0.0,0.0,0.0,0.85,0.0,0.57,0.0,0.0,0.51,0.0,13.03404,80.27327,5.4,11.9,synthetic_experience,needs_real_world_verification,Dataset contains synthetic/curated seed values for academic ML experimentation and must be verified before real-world deployment.
TN0088,Fort St. George Guided History Walk,Heritage,Curated Experience,Fort St. George,"A curated curated experience experience centred around Fort St. George, designed for solo travellers interested in heritage. This is a synthetic experience concept, not an official standalone attraction.",257,4.0,33,2.3,Budget,0,0,0,0,0,1,1,0,0,1,1,0,0,0,1,0,1,0,0,1,0,0,0,0,0,1,0,0,0,0,0,0,1,0,1,0,1,0,1,1,0,0,1,0,1,0,0.0,0.0,0.0,0.96,0.0,0.66,0.0,0.0,0.52,0.0,13.08217,80.28384,0.9,15.7,synthetic_experience,needs_real_world_verification,Dataset contains synthetic/curated seed values for academic ML experimentation and must be verified before real-world deployment.
TN0089,Royapuram Colonial Architecture Photo Walk,Heritage,Curated Experience,Royapuram,"A curated curated experience experience centred around Royapuram, designed for solo travellers interested in heritage. This is a synthetic experience concept, not an official standalone attraction.",76,4.0,347,2.6,Free,0,0,0,0,0,1,1,0,0,1,1,0,0,0,1,0,1,0,0,1,0,0,0,0,0,1,0,0,0,0,0,0,1,0,1,0,1,0,0,0,1,0,1,0,1,0,0.0,0.0,0.0,0.82,0.0,0.58,0.0,0.0,0.59,0.0,13.11538,80.28981,4.0,18.6,synthetic_experience,needs_real_world_verification,Dataset contains synthetic/curated seed values for academic ML experimentation and must be verified before real-world deployment.
TN0090,Egmore Colonial Buildings Trail,Heritage,Curated Experience,Egmore,"A curated curated experience experience centred around Egmore, designed for solo travellers interested in heritage. This is a synthetic experience concept, not an official standalone attraction.",232,4.1,1125,1.3,Budget,0,0,0,0,0,1,1,0,0,1,1,0,0,0,1,0,1,0,0,1,0,0,0,0,0,1,0,0,0,0,0,0,1,0,1,0,1,0,1,1,0,1,0,0,1,0,0.0,0.0,0.0,0.9,0.0,0.52,0.0,0.0,0.64,0.0,13.07204,80.26168,1.9,13.1,synthetic_experience,needs_real_world_verification,Dataset contains synthetic/curated seed values for academic ML experimentation and must be verified before real-world deployment.
TN0091,Kapaleeshwarar Temple,Religious,Hindu Temple,Mylapore,"Kapaleeshwarar Temple is a well-known hindu temple located in Mylapore, Chennai, popular for religious among visitors.",118,4.5,522,1.4,Budget,1,0,0,0,0,1,0,1,0,1,1,0,0,0,1,1,1,0,0,1,0,0,0,0,0,0,1,0,0,1,0,1,0,0,0,0,1,0,0,1,1,1,0,0,1,0,0.0,0.0,0.0,0.49,0.82,0.58,0.0,0.0,0.49,0.0,13.03428,80.26699,5.5,11.3,real_landmark_synthetic_attributes,needs_real_world_verification,Dataset contains synthetic/curated seed values for academic ML experimentation and must be verified before real-world deployment.
TN0092,Parthasarathy Temple,Religious,Hindu Temple,Triplicane,"Parthasarathy Temple is a well-known hindu temple located in Triplicane, Chennai, popular for religious among visitors.",31,4.5,403,1.3,Free,1,0,0,0,0,1,0,1,0,1,1,0,0,0,1,1,1,0,0,1,0,0,0,0,0,0,1,0,0,1,0,1,0,0,0,0,1,0,0,0,1,1,0,0,1,0,0.0,0.0,0.0,0.41,0.97,0.53,0.0,0.0,0.4,0.0,13.05666,80.2738,2.9,13.1,real_landmark_synthetic_attributes,needs_real_world_verification,Dataset contains synthetic/curated seed values for academic ML experimentation and must be verified before real-world deployment.
TN0093,Marundeeswarar Temple,Religious,Hindu Temple,Thiruvanmiyur,"Marundeeswarar Temple is a well-known hindu temple located in Thiruvanmiyur, Chennai, popular for religious among visitors.",40,4.5,1216,1.0,Free,1,0,0,0,0,1,0,1,0,1,1,0,0,0,1,1,1,0,0,1,0,0,0,0,0,0,1,0,0,1,0,1,0,0,0,0,1,0,0,1,0,1,0,0,1,0,0.0,0.0,0.0,0.45,0.86,0.52,0.0,0.0,0.32,0.0,12.98227,80.25669,11.4,9.4,real_landmark_synthetic_attributes,needs_real_world_verification,Dataset contains synthetic/curated seed values for academic ML experimentation and must be verified before real-world deployment.
TN0094,Vadapalani Murugan Temple,Religious,Hindu Temple,Vadapalani,"Vadapalani Murugan Temple is a well-known hindu temple located in Vadapalani, Chennai, popular for religious among visitors.",30,3.9,1467,1.3,Free,1,0,0,0,0,1,0,1,0,1,1,0,0,0,1,1,1,0,0,1,0,0,0,0,0,0,1,0,0,1,0,1,0,0,0,0,1,0,0,1,1,1,0,0,1,0,0.0,0.0,0.0,0.49,0.96,0.48,0.0,0.0,0.33,0.0,13.04839,80.21264,7.8,7.5,real_landmark_synthetic_attributes,needs_real_world_verification,Dataset contains synthetic/curated seed values for academic ML experimentation and must be verified before real-world deployment.
TN0095,Ashtalakshmi Temple,Religious,Hindu Temple,Besant Nagar,"Ashtalakshmi Temple is a well-known hindu temple located in Besant Nagar, Chennai, popular for religious among visitors.",70,4.6,204,1.3,Free,1,0,0,0,0,1,0,1,0,1,1,0,0,0,1,1,1,0,0,1,0,0,0,0,0,0,1,0,0,1,0,1,0,0,0,0,1,0,1,1,0,1,0,0,1,0,0.0,0.0,0.0,0.58,0.85,0.69,0.0,0.0,0.4,0.0,13.00085,80.26451,9.2,10.2,real_landmark_synthetic_attributes,needs_real_world_verification,Dataset contains synthetic/curated seed values for academic ML experimentation and must be verified before real-world deployment.
TN0096,Kalikambal Kamadeswarar Temple,Religious,Hindu Temple,George Town,"Kalikambal Kamadeswarar Temple is a well-known hindu temple located in George Town, Chennai, popular for religious among visitors.",21,4.4,545,1.2,Free,1,0,0,0,0,1,0,1,0,1,1,0,0,0,1,1,1,0,0,1,0,0,0,0,0,0,1,0,0,1,0,1,0,0,0,0,1,0,0,1,1,1,0,0,1,0,0.0,0.0,0.0,0.43,0.95,0.61,0.0,0.0,0.28,0.0,13.0905,80.28786,1.6,16.6,real_landmark_synthetic_attributes,needs_real_world_verification,Dataset contains synthetic/curated seed values for academic ML experimentation and must be verified before real-world deployment.
TN0097,Kandhakottam Temple,Religious,Hindu Temple,Egmore,"Kandhakottam Temple is a well-known hindu temple located in Egmore, Chennai, popular for religious among visitors.",111,4.5,471,1.0,Budget,1,0,0,0,0,1,0,1,0,1,1,0,0,0,1,1,1,0,0,1,0,0,0,0,0,0,1,0,0,1,0,1,0,0,0,0,1,0,1,1,1,1,0,0,1,0,0.0,0.0,0.0,0.37,0.95,0.62,0.0,0.0,0.32,0.0,13.07093,80.26349,1.8,13.2,real_landmark_synthetic_attributes,needs_real_world_verification,Dataset contains synthetic/curated seed values for academic ML experimentation and must be verified before real-world deployment.
TN0098,ISKCON Chennai,Religious,Hindu Temple,Kotturpuram,"ISKCON Chennai is a well-known hindu temple located in Kotturpuram, Chennai, popular for religious among visitors.",7,4.1,3700,0.8,Free,1,0,0,0,0,1,0,1,0,1,1,0,0,0,1,1,1,0,0,1,0,0,0,0,0,0,1,0,0,1,0,1,0,0,0,0,1,0,0,1,1,1,0,0,1,0,0.0,0.0,0.0,0.65,0.83,0.67,0.0,0.0,0.28,0.0,13.02809,80.23826,7.3,8.2,real_landmark_synthetic_attributes,needs_real_world_verification,Dataset contains synthetic/curated seed values for academic ML experimentation and must be verified before real-world deployment.
TN0099,"Ramakrishna Math, Chennai",Religious,Hindu Monastery,Mylapore,"Ramakrishna Math, Chennai is a well-known hindu monastery located in Mylapore, Chennai, popular for religious among visitors.",83,3.9,178,1.3,Free,1,0,0,0,0,1,0,1,0,1,1,0,0,0,1,1,1,0,0,1,0,0,0,0,0,0,1,0,0,1,0,1,0,0,0,0,1,0,0,1,1,1,0,0,1,0,0.0,0.0,0.0,0.3,0.76,0.6,0.0,0.0,0.52,0.0,13.03765,80.27144,5.0,11.9,real_landmark_synthetic_attributes,needs_real_world_verification,Dataset contains synthetic/curated seed values for academic ML experimentation and must be verified before real-world deployment.
TN0100,"Shirdi Sai Baba Temple, Chennai",Religious,Hindu Temple,West Mambalam,"Shirdi Sai Baba Temple, Chennai is a well-known hindu temple located in West Mambalam, Chennai, popular for religious among visitors.",94,3.5,1112,1.2,Free,1,0,0,0,0,1,0,1,0,1,1,0,0,0,1,1,1,0,0,1,0,0,0,0,0,0,1,0,0,1,0,1,0,0,0,0,1,0,1,1,1,1,0,0,1,0,0.0,0.0,0.0,0.48,0.84,0.44,0.0,0.0,0.54,0.0,13.03755,80.21827,8.0,7.0,real_landmark_synthetic_attributes,needs_real_world_verification,Dataset contains synthetic/curated seed values for academic ML experimentation and must be verified before real-world deployment.
TN0101,St. Thomas Mount,Religious,Christian Shrine,St. Thomas Mount,"St. Thomas Mount is a well-known christian shrine located in St. Thomas Mount, Chennai, popular for religious among visitors.",118,3.8,689,0.9,Budget,1,0,0,0,0,1,0,1,0,1,1,0,0,0,1,1,1,0,0,1,0,0,0,0,0,0,0,0,0,1,0,1,0,0,0,0,1,0,1,1,0,1,0,0,1,0,0.0,0.0,0.0,0.39,0.78,0.44,0.0,0.0,0.4,0.0,13.00326,80.2001,12.0,3.3,real_landmark_synthetic_attributes,needs_real_world_verification,Dataset contains synthetic/curated seed values for academic ML experimentation and must be verified before real-world deployment.
TN0102,San Thome Basilica,Religious,Christian Basilica,Santhome,"San Thome Basilica is a well-known christian basilica located in Santhome, Chennai, popular for religious among visitors.",129,4.1,618,1.5,Budget,1,0,0,0,0,1,0,1,0,1,1,0,0,0,1,1,1,0,0,1,0,0,0,0,0,0,1,0,0,1,0,1,0,0,0,0,1,0,1,1,0,1,0,0,1,0,0.0,0.0,0.0,0.64,0.81,0.58,0.0,0.0,0.29,0.0,13.03377,80.2796,5.5,12.6,real_landmark_synthetic_attributes,needs_real_world_verification,Dataset contains synthetic/curated seed values for academic ML experimentation and must be verified before real-world deployment.
TN0103,"Annai Velankanni Church, Besant Nagar",Religious,Christian Church,Besant Nagar,"Annai Velankanni Church, Besant Nagar is a well-known christian church located in Besant Nagar, Chennai, popular for religious among visitors.",127,4.3,356,1.0,Budget,1,0,0,0,0,1,0,1,0,1,1,0,0,0,1,1,1,0,0,1,0,0,0,0,0,0,1,0,0,1,0,1,0,0,0,0,1,0,1,0,1,1,0,0,1,0,0.0,0.0,0.0,0.56,0.89,0.63,0.0,0.0,0.38,0.0,12.99762,80.26363,9.5,10.1,real_landmark_synthetic_attributes,needs_real_world_verification,Dataset contains synthetic/curated seed values for academic ML experimentation and must be verified before real-world deployment.
TN0104,Thousand Lights Mosque,Religious,Mosque,Anna Salai,"Thousand Lights Mosque is a well-known mosque located in Anna Salai, Chennai, popular for religious among visitors.",22,3.6,266,1.4,Free,1,0,0,0,0,1,0,1,0,1,1,0,0,0,1,1,1,0,0,1,0,0,0,0,0,0,1,0,0,1,0,1,0,0,0,0,1,0,1,1,1,1,0,0,1,0,0.0,0.0,0.0,0.41,0.78,0.7,0.0,0.0,0.4,0.0,13.06237,80.26255,2.7,12.5,real_landmark_synthetic_attributes,needs_real_world_verification,Dataset contains synthetic/curated seed values for academic ML experimentation and must be verified before real-world deployment.
TN0105,Wallajah Mosque (Big Mosque),Religious,Mosque,Triplicane,"Wallajah Mosque (Big Mosque) is a well-known mosque located in Triplicane, Chennai, popular for religious among visitors.",45,4.4,90,1.4,Free,1,0,0,0,0,1,0,1,0,1,1,0,0,0,1,1,1,0,0,1,0,0,0,0,0,0,1,0,0,1,0,1,0,0,0,0,1,0,0,0,0,1,0,0,1,0,0.0,0.0,0.0,0.33,0.9,0.51,0.0,0.0,0.34,0.0,13.05354,80.27219,3.3,12.8,real_landmark_synthetic_attributes,needs_real_world_verification,Dataset contains synthetic/curated seed values for academic ML experimentation and must be verified before real-world deployment.
TN0106,Kalakshetra Foundation,Art & Culture,Dance & Art Academy,Thiruvanmiyur,"Kalakshetra Foundation is a well-known dance & art academy located in Thiruvanmiyur, Chennai, popular for art & culture among visitors.",479,3.7,685,2.5,Moderate,0,0,0,0,0,1,1,1,0,1,1,0,0,0,0,0,1,0,0,1,0,0,1,0,0,0,0,0,0,0,0,1,1,0,0,0,0,0,1,1,0,0,1,0,1,0,0.0,0.0,0.0,0.25,0.0,0.89,0.0,0.0,0.68,0.0,12.98572,80.25706,11.0,9.4,real_landmark_synthetic_attributes,needs_real_world_verification,Dataset contains synthetic/curated seed values for academic ML experimentation and must be verified before real-world deployment.
TN0107,Cholamandal Artists' Village,Art & Culture,Artists' Village,Injambakkam,"Cholamandal Artists' Village is a well-known artists' village located in Injambakkam, Chennai, popular for art & culture among visitors.",350,4.7,120,2.7,Moderate,0,0,0,0,0,1,1,1,0,1,1,0,0,0,0,0,1,0,0,1,0,0,1,0,0,0,0,0,0,0,0,1,1,0,0,0,0,0,1,1,0,0,1,0,1,0,0.0,0.0,0.0,0.23,0.0,0.87,0.0,0.0,0.53,0.0,12.93429,80.24546,16.8,10.5,real_landmark_synthetic_attributes,needs_real_world_verification,Dataset contains synthetic/curated seed values for academic ML experimentation and must be verified before real-world deployment.
TN0108,DakshinaChitra Cultural Village,Art & Culture,Living Heritage Museum,ECR (Muttukadu),"DakshinaChitra Cultural Village is a well-known living heritage museum located in ECR (Muttukadu), Chennai, popular for art & culture among visitors.",319,4.2,1074,2.6,Moderate,0,0,0,0,0,1,1,1,0,1,1,0,0,0,0,0,1,0,0,1,0,0,1,0,0,0,0,0,0,0,0,1,1,0,0,0,0,1,1,1,0,0,1,0,1,0,0.0,0.0,0.0,0.36,0.0,0.81,0.0,0.0,0.59,0.0,12.85449,80.25414,25.5,18.0,real_landmark_synthetic_attributes,needs_real_world_verification,Dataset contains synthetic/curated seed values for academic ML experimentation and must be verified before real-world deployment.
TN0109,Mylapore Bharatanatyam Recital Experience,Art & Culture,Curated Experience,Mylapore,"A curated curated experience experience centred around Mylapore, designed for solo travellers interested in art & culture. This is a synthetic experience concept, not an official standalone attraction.",204,4.2,1850,2.8,Budget,0,0,0,0,0,1,1,1,0,1,1,0,0,0,0,0,1,0,0,1,0,0,1,0,0,0,0,0,0,0,0,1,1,0,0,0,1,0,1,0,0,0,1,0,1,0,0.0,0.0,0.0,0.48,0.0,0.95,0.0,0.0,0.56,0.0,13.03283,80.26818,5.6,11.4,synthetic_experience,needs_real_world_verification,Dataset contains synthetic/curated seed values for academic ML experimentation and must be verified before real-world deployment.
TN0110,Carnatic Music Evening at Mylapore Sabha,Art & Culture,Curated Experience,Mylapore,"A curated curated experience experience centred around Mylapore, designed for solo travellers interested in art & culture. This is a synthetic experience concept, not an official standalone attraction.",586,4.9,445,2.0,Moderate,0,0,0,0,0,0,1,1,1,1,1,0,0,0,0,0,1,0,0,1,0,0,1,0,0,0,0,0,0,0,0,1,1,0,0,0,1,0,1,0,0,0,1,0,0,0,0.0,0.0,0.0,0.27,0.0,0.72,0.0,0.0,0.45,0.0,13.02995,80.267,5.9,11.1,synthetic_experience,needs_real_world_verification,Dataset contains synthetic/curated seed values for academic ML experimentation and must be verified before real-world deployment.
TN0111,Cholamandal Artists' Village Studio Walk,Art & Culture,Curated Experience,Injambakkam,"A curated curated experience experience centred around Injambakkam, designed for solo travellers interested in art & culture. This is a synthetic experience concept, not an official standalone attraction.",164,3.9,482,1.7,Budget,0,0,0,0,0,1,1,1,0,1,1,0,0,0,0,0,1,0,0,1,0,0,1,0,0,0,0,0,0,0,0,1,1,0,0,0,1,0,1,1,0,0,1,0,1,0,0.0,0.0,0.0,0.4,0.0,0.73,0.0,0.0,0.64,0.0,12.93519,80.24422,16.7,10.3,synthetic_experience,needs_real_world_verification,Dataset contains synthetic/curated seed values for academic ML experimentation and must be verified before real-world deployment.
TN0112,Kalakshetra Campus Heritage Walk,Art & Culture,Curated Experience,Thiruvanmiyur,"A curated curated experience experience centred around Thiruvanmiyur, designed for solo travellers interested in art & culture. This is a synthetic experience concept, not an official standalone attraction.",103,4.5,1393,2.0,Budget,0,0,0,0,0,1,1,1,0,1,1,0,0,0,0,0,1,0,0,1,0,0,1,0,0,0,0,0,0,0,0,1,1,0,0,0,1,0,1,0,0,0,1,0,1,0,0.0,0.0,0.0,0.3,0.0,0.85,0.0,0.0,0.47,0.0,12.98611,80.26111,10.9,9.8,synthetic_experience,needs_real_world_verification,Dataset contains synthetic/curated seed values for academic ML experimentation and must be verified before real-world deployment.
TN0113,Kishkinta Theme Park,Entertainment,Theme Park,Tambaram,"Kishkinta Theme Park is a well-known theme park located in Tambaram, Chennai, popular for entertainment among visitors.",1016,4.0,455,6.5,Premium,1,1,0,0,0,0,1,1,0,1,1,0,0,0,0,0,0,0,0,0,0,0,0,0,1,0,0,0,0,0,1,0,0,1,0,0,0,0,1,1,0,0,0,1,0,1,0.0,0.0,0.29,0.0,0.0,0.0,0.0,0.0,0.32,0.0,12.92331,80.12906,23.8,9.1,real_landmark_synthetic_attributes,needs_real_world_verification,Dataset contains synthetic/curated seed values for academic ML experimentation and must be verified before real-world deployment.
TN0114,Queensland Amusement Park,Entertainment,Theme Park,Chengalpattu,"Queensland Amusement Park is a well-known theme park located in Chengalpattu, Chennai, popular for entertainment among visitors.",1166,3.8,8907,5.0,Premium,1,1,0,0,0,0,1,1,0,1,1,0,0,0,0,0,0,0,0,0,0,0,0,0,1,0,0,0,0,0,1,0,0,1,0,0,0,1,1,1,1,0,0,1,0,1,0.0,0.0,0.25,0.0,0.0,0.0,0.0,0.0,0.37,0.0,12.69581,79.97975,53.7,39.1,real_landmark_synthetic_attributes,needs_real_world_verification,Dataset contains synthetic/curated seed values for academic ML experimentation and must be verified before real-world deployment.
TN0115,VGP Universal Kingdom,Entertainment,Theme Park,Injambakkam,"VGP Universal Kingdom is a well-known theme park located in Injambakkam, Chennai, popular for entertainment among visitors.",1233,3.9,1781,4.2,Premium,1,1,0,0,0,0,1,1,0,1,1,0,0,0,0,0,0,0,0,0,0,0,0,0,1,0,0,0,0,0,1,0,0,1,0,0,0,0,0,1,1,0,0,1,0,1,0.0,0.0,0.29,0.0,0.0,0.0,0.0,0.0,0.49,0.0,12.93624,80.24542,16.6,10.3,real_landmark_synthetic_attributes,needs_real_world_verification,Dataset contains synthetic/curated seed values for academic ML experimentation and must be verified before real-world deployment.
TN0116,VGP Snow Kingdom,Entertainment,Indoor Snow Park,Injambakkam,"VGP Snow Kingdom is a well-known indoor snow park located in Injambakkam, Chennai, popular for entertainment among visitors.",1189,3.7,96,5.7,Premium,1,1,0,0,0,0,1,1,0,1,1,0,0,0,0,0,0,0,0,0,0,0,0,0,1,0,0,0,0,0,1,0,0,1,0,0,0,0,1,1,1,0,0,1,0,1,0.0,0.0,0.27,0.0,0.0,0.0,0.0,0.0,0.34,0.0,12.92919,80.24434,17.4,10.7,real_landmark_synthetic_attributes,needs_real_world_verification,Dataset contains synthetic/curated seed values for academic ML experimentation and must be verified before real-world deployment.
TN0117,MGM Dizzee World,Entertainment,Theme Park,East Coast Road,"MGM Dizzee World is a well-known theme park located in East Coast Road, Chennai, popular for entertainment among visitors.",541,4.4,4375,4.1,Moderate,1,1,0,0,0,0,1,1,0,1,1,0,0,0,0,0,0,0,0,0,0,0,0,0,1,0,0,0,0,0,1,0,0,1,0,0,0,1,1,1,0,0,0,1,0,0,0.0,0.0,0.3,0.0,0.0,0.0,0.0,0.0,0.36,0.0,12.86943,80.24646,23.9,16.1,real_landmark_synthetic_attributes,needs_real_world_verification,Dataset contains synthetic/curated seed values for academic ML experimentation and must be verified before real-world deployment.
TN0118,Wonderla Chennai,Entertainment,Theme Park,Sriperumbudur,"Wonderla Chennai is a well-known theme park located in Sriperumbudur, Chennai, popular for entertainment among visitors.",1157,4.4,563,4.3,Premium,1,1,0,0,0,0,1,1,0,1,1,0,0,0,0,0,0,0,0,0,0,0,0,0,1,0,0,0,0,0,1,0,0,1,0,0,0,1,0,0,0,0,0,1,0,1,0.0,0.0,0.46,0.0,0.0,0.0,0.0,0.0,0.38,0.0,12.96973,79.94575,37.9,24.5,real_landmark_synthetic_attributes,needs_real_world_verification,Dataset contains synthetic/curated seed values for academic ML experimentation and must be verified before real-world deployment.
TN0119,PVR / EA Multiplex Movie Experience,Entertainment,Multiplex Cinema,Express Avenue,"A curated multiplex cinema experience centred around Express Avenue, designed for families interested in entertainment. This is a synthetic experience concept, not an official standalone attraction.",473,4.1,1153,4.1,Moderate,1,1,0,0,0,0,1,1,0,1,1,0,0,0,0,0,0,0,0,0,0,0,0,0,1,0,1,0,0,0,1,0,0,1,0,0,1,0,1,1,1,0,0,1,1,0,0.0,0.0,0.52,0.0,0.0,0.0,0.0,0.0,0.46,0.0,13.08664,80.27155,0.6,15.0,synthetic_experience,needs_real_world_verification,Dataset contains synthetic/curated seed values for academic ML experimentation and must be verified before real-world deployment.
TN0120,Phoenix Marketcity Gaming Zone Experience,Entertainment,Indoor Gaming,Velachery,"A curated indoor gaming experience centred around Velachery, designed for families interested in entertainment. This is a synthetic experience concept, not an official standalone attraction.",1129,4.4,1939,3.2,Premium,1,1,0,0,0,0,1,1,0,1,1,0,0,0,0,0,0,0,0,0,0,0,0,0,1,0,1,0,0,0,1,0,0,1,0,0,1,0,0,1,1,0,1,0,0,1,0.0,0.0,0.51,0.0,0.0,0.0,0.0,0.0,0.41,0.0,12.97657,80.22143,13.2,5.8,synthetic_experience,needs_real_world_verification,Dataset contains synthetic/curated seed values for academic ML experimentation and must be verified before real-world deployment.
TN0121,Chennai Escape Room Experience,Entertainment,Indoor Gaming,Nungambakkam,"A curated indoor gaming experience centred around Nungambakkam, designed for families interested in entertainment. This is a synthetic experience concept, not an official standalone attraction.",931,4.0,120,6.8,Premium,1,1,0,0,0,0,1,1,0,1,1,0,0,0,0,0,0,0,0,0,0,0,0,0,1,0,1,0,0,0,1,0,0,1,0,0,1,0,1,1,0,0,0,1,0,1,0.0,0.0,0.33,0.0,0.0,0.0,0.0,0.0,0.31,0.0,13.06198,80.24409,4.1,10.9,synthetic_experience,needs_real_world_verification,Dataset contains synthetic/curated seed values for academic ML experimentation and must be verified before real-world deployment.
TN0122,Go-Karting at ECR,Entertainment,Go-Karting,Semmancheri,"A curated go-karting experience centred around Semmancheri, designed for families interested in entertainment. This is a synthetic experience concept, not an official standalone attraction.",1051,3.9,1617,5.3,Premium,1,1,0,0,0,0,1,1,0,1,1,0,0,1,0,0,0,0,0,0,0,0,0,0,1,0,0,0,0,0,1,0,0,1,0,0,1,0,0,0,0,0,0,1,0,1,0.0,0.0,0.54,0.0,0.0,0.0,0.0,0.0,0.53,0.0,12.83057,80.22819,28.5,19.2,synthetic_experience,needs_real_world_verification,Dataset contains synthetic/curated seed values for academic ML experimentation and must be verified before real-world deployment.
TN0123,VGP Universal Kingdom Water Rides Session,Entertainment,Curated Experience,Injambakkam,"A curated curated experience experience centred around Injambakkam, designed for families interested in entertainment. This is a synthetic experience concept, not an official standalone attraction.",1009,4.0,1110,5.7,Premium,1,1,0,0,0,0,1,1,0,1,1,0,0,0,0,0,0,0,0,0,0,0,0,0,1,0,0,0,0,0,1,0,0,1,0,0,1,0,1,1,0,0,0,1,0,1,0.0,0.0,0.51,0.0,0.0,0.0,0.0,0.0,0.34,0.0,12.93432,80.24734,16.8,10.6,synthetic_experience,needs_real_world_verification,Dataset contains synthetic/curated seed values for academic ML experimentation and must be verified before real-world deployment.
TN0124,Kishkinta Family Fun Day Package,Entertainment,Curated Experience,Tambaram,"A curated curated experience experience centred around Tambaram, designed for families interested in entertainment. This is a synthetic experience concept, not an official standalone attraction.",1426,4.0,1033,4.3,Premium,1,1,0,0,1,0,1,1,0,1,1,0,0,0,0,0,0,0,0,0,0,0,0,0,1,0,0,0,0,0,1,0,0,1,0,0,1,0,0,1,1,0,0,1,0,1,0.0,0.0,0.54,0.0,0.0,0.0,0.0,0.0,0.46,0.0,12.92487,80.12949,23.6,8.9,synthetic_experience,needs_real_world_verification,Dataset contains synthetic/curated seed values for academic ML experimentation and must be verified before real-world deployment.
TN0125,Chennai Trade Centre Exhibition Visit,Entertainment,Exhibition Centre,Nandambakkam,"Chennai Trade Centre Exhibition Visit is a well-known exhibition centre located in Nandambakkam, Chennai, popular for entertainment among visitors.",641,4.2,470,3.4,Moderate,1,1,0,0,0,0,1,1,0,1,1,0,0,0,0,0,0,0,0,0,0,0,0,0,1,0,0,0,0,0,1,0,0,1,0,0,0,0,1,1,0,0,1,0,0,0,0.0,0.0,0.55,0.0,0.0,0.0,0.0,0.0,0.34,0.0,13.00761,80.19255,12.3,2.8,real_landmark_synthetic_attributes,needs_real_world_verification,Dataset contains synthetic/curated seed values for academic ML experimentation and must be verified before real-world deployment.
TN0126,Marina Beach Kite Flying Evening,Entertainment,Curated Experience,Marina,"A curated curated experience experience centred around Marina, designed for families interested in entertainment. This is a synthetic experience concept, not an official standalone attraction.",1072,3.9,719,3.8,Premium,1,1,0,0,0,0,1,1,0,1,1,0,0,0,0,0,0,0,0,0,0,0,0,0,1,0,0,0,0,0,1,0,0,1,0,0,1,0,1,1,1,0,1,0,0,1,0.0,0.0,0.44,0.0,0.0,0.0,0.0,0.0,0.41,0.0,13.05325,80.28337,3.4,13.8,synthetic_experience,needs_real_world_verification,Dataset contains synthetic/curated seed values for academic ML experimentation and must be verified before real-world deployment.
TN0127,Semmancheri Bowling & Arcade Night,Entertainment,Indoor Gaming,Semmancheri,"A curated indoor gaming experience centred around Semmancheri, designed for families interested in entertainment. This is a synthetic experience concept, not an official standalone attraction.",478,4.4,159,5.4,Moderate,1,1,0,0,0,0,1,1,1,1,1,0,0,0,0,0,0,0,0,0,0,0,0,0,1,0,1,0,0,0,1,0,0,1,0,0,1,0,1,1,0,0,0,1,1,0,0.0,0.0,0.22,0.0,0.0,0.0,0.0,0.0,0.4,0.0,12.82879,80.22621,28.7,19.3,synthetic_experience,needs_real_world_verification,Dataset contains synthetic/curated seed values for academic ML experimentation and must be verified before real-world deployment.
TN0128,T Nagar Shopping District,Shopping,Shopping Street,T Nagar,"T Nagar Shopping District is a well-known shopping street located in T Nagar, Chennai, popular for shopping among visitors.",1431,4.0,1121,4.0,Premium,1,1,0,0,0,0,0,1,0,1,1,0,0,0,0,0,0,1,1,0,0,0,0,0,0,0,1,1,0,0,1,0,0,0,0,0,1,0,1,0,1,0,1,0,0,1,0.0,0.0,0.0,0.0,0.0,0.0,0.91,0.46,0.0,0.0,13.0396,80.23218,6.7,8.3,real_landmark_synthetic_attributes,needs_real_world_verification,Dataset contains synthetic/curated seed values for academic ML experimentation and must be verified before real-world deployment.
TN0129,Pondy Bazaar,Shopping,Shopping Street,T Nagar,"Pondy Bazaar is a well-known shopping street located in T Nagar, Chennai, popular for shopping among visitors.",391,4.2,368,3.7,Moderate,1,1,0,0,0,0,0,1,0,1,1,0,0,0,0,0,0,1,1,0,0,0,0,0,0,0,1,1,0,0,1,0,0,0,0,0,1,0,1,1,0,0,1,0,1,0,0.0,0.0,0.0,0.0,0.0,0.0,0.81,0.52,0.0,0.0,13.04264,80.23176,6.5,8.5,real_landmark_synthetic_attributes,needs_real_world_verification,Dataset contains synthetic/curated seed values for academic ML experimentation and must be verified before real-world deployment.
TN0130,Ranganathan Street,Shopping,Shopping Street,T Nagar,"Ranganathan Street is a well-known shopping street located in T Nagar, Chennai, popular for shopping among visitors.",1446,3.9,901,1.6,Premium,1,1,0,0,0,0,0,1,0,1,1,0,0,0,0,0,0,1,1,0,0,0,0,0,0,0,1,1,0,0,1,0,0,0,0,0,1,0,0,1,0,0,1,0,0,1,0.0,0.0,0.0,0.0,0.0,0.0,0.77,0.35,0.0,0.0,13.04578,80.23356,6.1,8.9,real_landmark_synthetic_attributes,needs_real_world_verification,Dataset contains synthetic/curated seed values for academic ML experimentation and must be verified before real-world deployment.
TN0131,Phoenix Marketcity Chennai,Shopping,Shopping Mall,Velachery,"Phoenix Marketcity Chennai is a well-known shopping mall located in Velachery, Chennai, popular for shopping among visitors.",1344,4.0,151,2.9,Premium,1,1,0,0,0,0,0,1,0,1,1,0,0,0,0,0,0,1,1,0,0,0,0,0,0,0,1,1,0,0,1,0,0,0,0,0,1,0,1,1,0,0,1,0,0,1,0.0,0.0,0.0,0.0,0.0,0.0,0.91,0.4,0.0,0.0,12.97555,80.22121,13.3,5.8,real_landmark_synthetic_attributes,needs_real_world_verification,Dataset contains synthetic/curated seed values for academic ML experimentation and must be verified before real-world deployment.
TN0132,VR Chennai Mall,Shopping,Shopping Mall,Anna Nagar,"VR Chennai Mall is a well-known shopping mall located in Anna Nagar, Chennai, popular for shopping among visitors.",1348,4.1,1555,2.4,Premium,1,1,0,0,0,0,0,1,0,1,1,0,0,0,0,0,0,1,1,0,0,0,0,0,0,0,1,0,0,0,1,0,0,0,0,0,1,0,1,1,1,0,1,0,0,1,0.0,0.0,0.0,0.0,0.0,0.0,0.93,0.57,0.0,0.0,13.08897,80.2075,7.4,11.3,real_landmark_synthetic_attributes,needs_real_world_verification,Dataset contains synthetic/curated seed values for academic ML experimentation and must be verified before real-world deployment.
TN0133,Express Avenue Mall,Shopping,Shopping Mall,Royapettah,"Express Avenue Mall is a well-known shopping mall located in Royapettah, Chennai, popular for shopping among visitors.",1130,4.4,3879,2.9,Premium,1,1,0,0,0,0,0,1,0,1,1,0,0,0,0,0,0,1,1,0,0,0,0,0,0,0,1,0,0,0,1,0,0,0,0,0,1,0,1,1,0,0,1,0,0,1,0.0,0.0,0.0,0.0,0.0,0.0,0.94,0.46,0.0,0.0,13.05615,80.26228,3.3,12.1,real_landmark_synthetic_attributes,needs_real_world_verification,Dataset contains synthetic/curated seed values for academic ML experimentation and must be verified before real-world deployment.
TN0134,Nexus Vijaya Mall,Shopping,Shopping Mall,Vadapalani,"Nexus Vijaya Mall is a well-known shopping mall located in Vadapalani, Chennai, popular for shopping among visitors.",504,3.8,1269,3.0,Moderate,1,1,0,0,0,0,0,1,0,1,1,0,0,0,0,0,0,1,1,0,0,0,0,0,0,0,1,0,0,0,1,0,0,0,0,0,1,0,1,0,1,0,1,0,0,0,0.0,0.0,0.0,0.0,0.0,0.0,0.78,0.36,0.0,0.0,13.0531,80.20822,8.0,7.7,real_landmark_synthetic_attributes,needs_real_world_verification,Dataset contains synthetic/curated seed values for academic ML experimentation and must be verified before real-world deployment.
TN0135,Forum Vijaya Mall,Shopping,Shopping Mall,Vadapalani,"Forum Vijaya Mall is a well-known shopping mall located in Vadapalani, Chennai, popular for shopping among visitors.",1344,4.2,561,2.5,Premium,1,1,0,0,0,0,0,1,0,1,1,0,0,0,0,0,0,1,1,0,0,0,0,0,0,0,1,0,0,0,1,0,0,0,0,0,1,0,1,1,1,0,1,0,0,1,0.0,0.0,0.0,0.0,0.0,0.0,0.82,0.35,0.0,0.0,13.04729,80.21104,8.0,7.3,real_landmark_synthetic_attributes,needs_real_world_verification,Dataset contains synthetic/curated seed values for academic ML experimentation and must be verified before real-world deployment.
TN0136,Burma Bazaar,Shopping,Import Goods Market,George Town,"Burma Bazaar is a well-known import goods market located in George Town, Chennai, popular for shopping among visitors.",710,4.3,155,2.7,Moderate,1,1,0,0,0,0,0,1,0,1,1,0,0,0,0,0,0,1,1,0,0,0,0,0,0,0,1,1,0,0,1,0,0,0,0,0,1,0,0,1,0,0,1,0,0,0,0.0,0.0,0.0,0.0,0.0,0.0,0.8,0.6,0.0,0.0,13.09095,80.28778,1.6,16.6,real_landmark_synthetic_attributes,needs_real_world_verification,Dataset contains synthetic/curated seed values for academic ML experimentation and must be verified before real-world deployment.
TN0137,Parry's Corner Market,Shopping,Wholesale Market,Parrys,"Parry's Corner Market is a well-known wholesale market located in Parrys, Chennai, popular for shopping among visitors.",1439,4.2,379,1.9,Premium,1,1,0,0,0,0,0,1,0,1,1,0,0,0,0,0,0,1,1,0,0,0,0,0,0,0,1,1,0,0,1,0,0,0,0,0,1,0,0,1,0,0,1,0,0,1,0.0,0.0,0.0,0.0,0.0,0.0,0.9,0.31,0.0,0.0,13.08056,80.27371,0.3,14.7,real_landmark_synthetic_attributes,needs_real_world_verification,Dataset contains synthetic/curated seed values for academic ML experimentation and must be verified before real-world deployment.
TN0138,Sowcarpet Wholesale Market,Shopping,Wholesale Market,Sowcarpet,"Sowcarpet Wholesale Market is a well-known wholesale market located in Sowcarpet, Chennai, popular for shopping among visitors.",780,3.8,264,2.9,Moderate,1,1,0,0,0,0,0,1,0,1,1,0,0,0,0,0,0,1,1,0,0,0,0,0,0,0,1,1,0,0,1,0,0,0,0,0,1,0,1,0,1,0,1,0,0,0,0.0,0.0,0.0,0.0,0.0,0.0,0.8,0.34,0.0,0.0,13.09856,80.28184,1.9,16.7,real_landmark_synthetic_attributes,needs_real_world_verification,Dataset contains synthetic/curated seed values for academic ML experimentation and must be verified before real-world deployment.
TN0139,Spencer Plaza,Shopping,Shopping Mall,Anna Salai,"Spencer Plaza is a well-known shopping mall located in Anna Salai, Chennai, popular for shopping among visitors.",812,3.5,4316,3.9,Premium,1,1,0,0,0,0,0,1,0,1,1,0,0,0,0,0,0,1,1,0,0,0,0,0,0,0,1,1,0,0,1,0,0,0,0,0,1,0,0,0,1,0,1,0,0,1,0.0,0.0,0.0,0.0,0.0,0.0,0.92,0.46,0.0,0.0,13.06462,80.26443,2.3,12.8,real_landmark_synthetic_attributes,needs_real_world_verification,Dataset contains synthetic/curated seed values for academic ML experimentation and must be verified before real-world deployment.
TN0140,Pondy Bazaar Night Shopping Trail,Shopping,Curated Experience,T Nagar,"A curated curated experience experience centred around T Nagar, designed for families interested in shopping. This is a synthetic experience concept, not an official standalone attraction.",911,4.2,2114,1.7,Premium,1,1,0,0,0,0,0,1,1,1,1,0,0,0,0,0,0,1,1,0,0,0,0,0,0,0,1,1,0,0,1,0,0,0,0,0,1,0,0,1,1,0,1,0,0,1,0.0,0.0,0.0,0.0,0.0,0.0,0.9,0.42,0.0,0.0,13.04094,80.23031,6.7,8.3,synthetic_experience,needs_real_world_verification,Dataset contains synthetic/curated seed values for academic ML experimentation and must be verified before real-world deployment.
TN0141,Ranganathan Street Festive Shopping Rush Experience,Shopping,Curated Experience,T Nagar,"A curated curated experience experience centred around T Nagar, designed for families interested in shopping. This is a synthetic experience concept, not an official standalone attraction.",743,3.6,271,2.3,Moderate,1,1,0,0,0,0,0,1,0,1,1,0,0,0,0,0,0,1,1,0,0,0,0,0,0,0,1,1,0,0,1,0,0,0,0,0,1,0,0,1,1,0,1,0,0,0,0.0,0.0,0.0,0.0,0.0,0.0,0.76,0.37,0.0,0.0,13.04013,80.23378,6.5,8.5,synthetic_experience,needs_real_world_verification,Dataset contains synthetic/curated seed values for academic ML experimentation and must be verified before real-world deployment.
TN0142,Burma Bazaar Bargain Hunting Walk,Shopping,Curated Experience,George Town,"A curated curated experience experience centred around George Town, designed for families interested in shopping. This is a synthetic experience concept, not an official standalone attraction.",1361,4.6,84,2.6,Premium,1,1,0,0,0,0,0,1,0,1,1,0,0,0,0,0,0,1,1,0,0,0,0,0,0,0,1,1,0,0,1,0,0,0,0,0,1,0,0,1,1,0,1,0,0,1,0.0,0.0,0.0,0.0,0.0,0.0,0.91,0.49,0.0,0.0,13.09615,80.28645,1.9,16.9,synthetic_experience,needs_real_world_verification,Dataset contains synthetic/curated seed values for academic ML experimentation and must be verified before real-world deployment.
TN0143,Sowcarpet Food Street Trail,Food & Culture,Curated Experience,Sowcarpet,"A curated curated experience experience centred around Sowcarpet, designed for families interested in food & culture. This is a synthetic experience concept, not an official standalone attraction.",333,4.2,301,2.4,Moderate,1,1,1,0,0,0,1,1,0,1,1,0,0,0,0,0,1,0,1,0,0,0,0,0,0,0,0,0,0,0,0,0,0,1,0,1,1,0,0,1,0,0,1,0,1,0,0.0,0.0,0.0,0.0,0.0,0.33,0.0,0.93,0.46,0.0,13.09787,80.2753,1.7,16.2,synthetic_experience,needs_real_world_verification,Dataset contains synthetic/curated seed values for academic ML experimentation and must be verified before real-world deployment.
TN0144,Mylapore Filter Coffee & Breakfast Walk,Food & Culture,Curated Experience,Mylapore,"A curated curated experience experience centred around Mylapore, designed for families interested in food & culture. This is a synthetic experience concept, not an official standalone attraction.",800,4.1,25,1.6,Moderate,1,1,1,0,0,0,1,1,0,1,1,0,0,0,0,0,1,0,1,0,0,0,0,0,0,0,0,0,0,0,0,0,0,1,0,1,1,0,1,1,1,0,1,0,0,0,0.0,0.0,0.0,0.0,0.0,0.4,0.0,0.76,0.43,0.0,13.03417,80.27299,5.4,11.9,synthetic_experience,needs_real_world_verification,Dataset contains synthetic/curated seed values for academic ML experimentation and must be verified before real-world deployment.
TN0145,George Town Food Walk,Food & Culture,Curated Experience,George Town,"A curated curated experience experience centred around George Town, designed for families interested in food & culture. This is a synthetic experience concept, not an official standalone attraction.",667,4.2,868,2.7,Moderate,1,1,1,0,0,0,1,1,0,1,1,0,0,0,0,0,1,0,1,0,0,0,0,0,0,0,0,0,0,0,0,0,0,1,0,1,1,0,1,1,0,0,1,0,0,0,0.0,0.0,0.0,0.0,0.0,0.43,0.0,0.87,0.53,0.0,13.09524,80.28106,1.5,16.4,synthetic_experience,needs_real_world_verification,Dataset contains synthetic/curated seed values for academic ML experimentation and must be verified before real-world deployment.
TN0146,Marina Beach Street Food Experience,Food & Culture,Curated Experience,Marina,"A curated curated experience experience centred around Marina, designed for families interested in food & culture. This is a synthetic experience concept, not an official standalone attraction.",491,4.4,184,2.9,Moderate,1,1,1,0,0,0,1,1,0,1,1,0,0,0,0,0,1,0,1,0,0,0,0,0,0,0,0,0,0,0,0,0,0,1,0,1,1,0,0,1,0,0,1,0,1,0,0.0,0.0,0.0,0.0,0.0,0.24,0.0,0.89,0.4,0.0,13.04639,80.28124,4.1,13.3,synthetic_experience,needs_real_world_verification,Dataset contains synthetic/curated seed values for academic ML experimentation and must be verified before real-world deployment.
TN0147,Besant Nagar Beach Cafe Hopping Trail,Food & Culture,Curated Experience,Besant Nagar,"A curated curated experience experience centred around Besant Nagar, designed for families interested in food & culture. This is a synthetic experience concept, not an official standalone attraction.",823,4.3,2311,1.7,Premium,1,1,1,0,0,0,1,1,0,1,1,0,0,0,0,0,1,0,1,0,0,0,0,0,0,0,0,0,0,0,0,0,0,1,0,1,1,0,0,1,0,0,1,0,0,1,0.0,0.0,0.0,0.0,0.0,0.41,0.0,0.81,0.33,0.0,13.00076,80.27072,9.1,10.8,synthetic_experience,needs_real_world_verification,Dataset contains synthetic/curated seed values for academic ML experimentation and must be verified before real-world deployment.
TN0148,Traditional Chettinad Food Tasting Experience,Food & Culture,Curated Experience,T Nagar,"A curated curated experience experience centred around T Nagar, designed for families interested in food & culture. This is a synthetic experience concept, not an official standalone attraction.",336,4.5,2239,2.4,Moderate,1,1,1,0,0,0,1,1,0,1,1,0,0,0,0,0,1,0,1,0,0,0,0,0,0,0,0,0,0,0,0,0,0,1,0,1,1,0,1,1,1,0,1,0,1,0,0.0,0.0,0.0,0.0,0.0,0.5,0.0,0.8,0.4,0.0,13.04319,80.23804,6.0,9.1,synthetic_experience,needs_real_world_verification,Dataset contains synthetic/curated seed values for academic ML experimentation and must be verified before real-world deployment.
TN0149,Triplicane Parotta & Biryani Trail,Food & Culture,Curated Experience,Triplicane,"A curated curated experience experience centred around Triplicane, designed for families interested in food & culture. This is a synthetic experience concept, not an official standalone attraction.",845,4.1,263,1.6,Premium,1,1,1,0,0,0,1,1,0,1,1,0,0,0,0,0,1,0,1,0,0,0,0,0,0,0,0,0,0,0,0,0,0,1,0,1,1,0,0,0,0,0,1,0,0,1,0.0,0.0,0.0,0.0,0.0,0.39,0.0,0.91,0.51,0.0,13.05967,80.27421,2.6,13.4,synthetic_experience,needs_real_world_verification,Dataset contains synthetic/curated seed values for academic ML experimentation and must be verified before real-world deployment.
TN0150,Nungambakkam Cafe Culture Experience,Food & Culture,Curated Experience,Nungambakkam,"A curated curated experience experience centred around Nungambakkam, designed for families interested in food & culture. This is a synthetic experience concept, not an official standalone attraction.",692,4.1,773,1.7,Moderate,1,1,1,0,0,0,1,1,0,1,1,0,0,0,0,0,1,0,1,0,0,0,0,0,0,0,0,0,0,0,0,0,0,1,0,1,1,0,1,1,0,0,1,0,0,0,0.0,0.0,0.0,0.0,0.0,0.49,0.0,0.82,0.58,0.0,13.06409,80.24531,3.9,11.2,synthetic_experience,needs_real_world_verification,Dataset contains synthetic/curated seed values for academic ML experimentation and must be verified before real-world deployment.
TN0151,Kutralam-style Filter Coffee Tasting at Mylapore,Food & Culture,Curated Experience,Mylapore,"A curated curated experience experience centred around Mylapore, designed for families interested in food & culture. This is a synthetic experience concept, not an official standalone attraction.",720,4.1,239,1.7,Moderate,1,1,1,0,0,0,1,1,0,1,1,0,0,0,0,0,1,0,1,0,0,0,0,0,0,0,0,0,0,0,0,0,0,1,0,1,1,0,1,1,0,0,1,0,0,0,0.0,0.0,0.0,0.0,0.0,0.23,0.0,0.83,0.3,0.0,13.03441,80.26847,5.4,11.5,synthetic_experience,needs_real_world_verification,Dataset contains synthetic/curated seed values for academic ML experimentation and must be verified before real-world deployment.
TN0152,Anna Nagar Street Food Evening,Food & Culture,Curated Experience,Anna Nagar,"A curated curated experience experience centred around Anna Nagar, designed for families interested in food & culture. This is a synthetic experience concept, not an official standalone attraction.",496,4.3,731,2.0,Moderate,1,1,1,0,0,0,1,1,0,1,1,0,0,0,0,0,1,0,1,0,0,0,0,0,0,0,0,0,0,0,0,0,0,1,0,1,1,0,1,0,0,0,1,0,1,0,0.0,0.0,0.0,0.0,0.0,0.45,0.0,0.94,0.33,0.0,13.08172,80.20888,7.2,10.6,synthetic_experience,needs_real_world_verification,Dataset contains synthetic/curated seed values for academic ML experimentation and must be verified before real-world deployment.
TN0153,Adyar Bakery & Sweets Trail,Food & Culture,Curated Experience,Adyar,"A curated curated experience experience centred around Adyar, designed for families interested in food & culture. This is a synthetic experience concept, not an official standalone attraction.",262,4.0,7120,2.5,Budget,1,1,1,0,0,0,1,1,0,1,1,0,0,0,0,0,1,0,1,0,0,0,0,0,0,0,0,0,0,0,0,0,0,1,0,1,1,0,1,0,0,0,1,0,1,0,0.0,0.0,0.0,0.0,0.0,0.28,0.0,0.83,0.48,0.0,13.0013,80.25421,9.3,9.1,synthetic_experience,needs_real_world_verification,Dataset contains synthetic/curated seed values for academic ML experimentation and must be verified before real-world deployment.
TN0154,T Nagar Sweet Shops Trail,Food & Culture,Curated Experience,T Nagar,"A curated curated experience experience centred around T Nagar, designed for families interested in food & culture. This is a synthetic experience concept, not an official standalone attraction.",614,4.7,1041,2.1,Moderate,1,1,1,0,0,0,1,1,0,1,1,0,0,0,0,0,1,0,1,0,0,0,0,0,0,0,0,0,0,0,0,0,0,1,0,1,1,0,1,0,0,0,1,0,0,0,0.0,0.0,0.0,0.0,0.0,0.38,0.0,0.87,0.46,0.0,13.0456,80.23437,6.1,8.9,synthetic_experience,needs_real_world_verification,Dataset contains synthetic/curated seed values for academic ML experimentation and must be verified before real-world deployment.
TN0155,Velachery Food Court Experience,Food & Culture,Curated Experience,Velachery,"A curated curated experience experience centred around Velachery, designed for families interested in food & culture. This is a synthetic experience concept, not an official standalone attraction.",372,3.7,838,2.1,Moderate,1,1,1,0,0,0,1,1,0,1,1,0,0,0,0,0,1,0,1,0,0,0,0,0,0,0,0,0,0,0,0,0,0,1,0,1,1,0,1,1,0,0,1,0,1,0,0.0,0.0,0.0,0.0,0.0,0.44,0.0,0.93,0.36,0.0,12.97628,80.22309,13.1,6.0,synthetic_experience,needs_real_world_verification,Dataset contains synthetic/curated seed values for academic ML experimentation and must be verified before real-world deployment.
TN0156,Royapettah Street Food Discovery Walk,Food & Culture,Curated Experience,Royapettah,"A curated curated experience experience centred around Royapettah, designed for families interested in food & culture. This is a synthetic experience concept, not an official standalone attraction.",342,3.9,805,1.6,Moderate,1,1,1,0,0,0,1,1,0,1,1,0,0,0,0,0,1,0,1,0,0,0,0,0,0,0,0,0,0,0,0,0,0,1,0,1,1,0,1,0,0,0,1,0,1,0,0.0,0.0,0.0,0.0,0.0,0.22,0.0,0.83,0.45,0.0,13.0523,80.26898,3.5,12.4,synthetic_experience,needs_real_world_verification,Dataset contains synthetic/curated seed values for academic ML experimentation and must be verified before real-world deployment.
TN0157,Kilpauk Cafe & Bistro Trail,Food & Culture,Curated Experience,Kilpauk,"A curated curated experience experience centred around Kilpauk, designed for families interested in food & culture. This is a synthetic experience concept, not an official standalone attraction.",522,4.2,221,2.5,Moderate,1,1,1,0,0,0,1,1,0,1,1,0,0,0,0,0,1,0,1,0,0,0,0,0,0,0,0,0,0,0,0,0,0,1,0,1,1,0,1,0,0,0,1,0,0,0,0.0,0.0,0.0,0.0,0.0,0.21,0.0,0.96,0.47,0.0,13.07925,80.27734,0.4,14.9,synthetic_experience,needs_real_world_verification,Dataset contains synthetic/curated seed values for academic ML experimentation and must be verified before real-world deployment.
TN0158,Marina Beach Sunrise Photography Session,Photography & Leisure,Curated Experience,Marina,"A curated curated experience experience centred around Marina, designed for friends interested in photography & leisure. This is a synthetic experience concept, not an official standalone attraction.",256,4.0,627,2.2,Budget,0,1,1,1,0,1,0,0,0,1,1,0,0,0,0,0,0,0,0,1,1,0,0,0,0,0,0,0,0,0,0,0,0,0,1,1,1,0,1,0,0,0,1,0,1,0,0.0,0.0,0.0,0.0,0.0,0.0,0.0,0.0,0.86,0.67,13.05269,80.28253,3.4,13.7,synthetic_experience,needs_real_world_verification,Dataset contains synthetic/curated seed values for academic ML experimentation and must be verified before real-world deployment.
TN0159,Mylapore Temple Streets Photography Walk,Photography & Leisure,Curated Experience,Mylapore,"A curated curated experience experience centred around Mylapore, designed for friends interested in photography & leisure. This is a synthetic experience concept, not an official standalone attraction.",205,3.9,675,1.3,Budget,0,1,1,1,0,1,0,1,0,1,1,0,0,0,0,0,0,0,0,1,1,0,0,0,0,0,1,0,0,0,0,1,0,0,1,1,1,0,1,1,1,1,0,0,1,0,0.0,0.0,0.0,0.0,0.0,0.0,0.0,0.0,0.84,0.55,13.03631,80.27109,5.2,11.8,synthetic_experience,needs_real_world_verification,Dataset contains synthetic/curated seed values for academic ML experimentation and must be verified before real-world deployment.
TN0160,George Town Heritage Photography Walk,Photography & Leisure,Curated Experience,George Town,"A curated curated experience experience centred around George Town, designed for friends interested in photography & leisure. This is a synthetic experience concept, not an official standalone attraction.",374,4.3,780,1.5,Moderate,0,1,1,1,0,1,0,1,0,1,1,0,0,0,0,0,0,0,0,1,1,0,0,0,0,0,0,0,0,0,0,0,0,0,1,1,1,0,0,0,0,1,0,0,1,0,0.0,0.0,0.0,0.0,0.0,0.0,0.0,0.0,0.86,0.7,13.09513,80.28633,1.8,16.8,synthetic_experience,needs_real_world_verification,Dataset contains synthetic/curated seed values for academic ML experimentation and must be verified before real-world deployment.
TN0161,ECR Sunset Photography Drive,Photography & Leisure,Curated Experience,ECR,"A curated curated experience experience centred around ECR, designed for friends interested in photography & leisure. This is a synthetic experience concept, not an official standalone attraction.",330,4.2,4275,1.5,Moderate,0,1,1,1,0,0,0,1,0,1,1,0,0,0,0,0,0,0,0,1,1,0,0,0,0,0,0,0,0,0,0,0,0,0,1,1,1,1,1,1,1,1,0,0,1,0,0.0,0.0,0.0,0.0,0.0,0.0,0.0,0.0,0.91,0.64,13.08006,80.27631,0.3,14.9,synthetic_experience,needs_real_world_verification,Dataset contains synthetic/curated seed values for academic ML experimentation and must be verified before real-world deployment.
TN0162,Fort St. George Heritage Photography Session,Photography & Leisure,Curated Experience,Fort St. George,"A curated curated experience experience centred around Fort St. George, designed for friends interested in photography & leisure. This is a synthetic experience concept, not an official standalone attraction.",99,4.5,810,1.1,Free,0,1,1,1,0,1,0,1,0,1,1,0,0,0,0,0,0,0,0,1,1,0,0,0,0,0,0,0,0,0,0,0,0,0,1,1,1,0,0,1,0,1,0,0,1,0,0.0,0.0,0.0,0.0,0.0,0.0,0.0,0.0,0.98,0.43,13.07756,80.29018,1.7,15.9,synthetic_experience,needs_real_world_verification,Dataset contains synthetic/curated seed values for academic ML experimentation and must be verified before real-world deployment.
TN0163,Besant Nagar Beach Sunset Photography,Photography & Leisure,Curated Experience,Besant Nagar,"A curated curated experience experience centred around Besant Nagar, designed for friends interested in photography & leisure. This is a synthetic experience concept, not an official standalone attraction.",159,4.0,411,2.1,Budget,0,1,1,1,0,0,0,1,0,1,1,0,0,0,0,0,0,0,0,1,1,0,0,0,0,0,0,0,0,0,0,0,0,0,1,1,1,0,1,1,0,0,1,0,1,0,0.0,0.0,0.0,0.0,0.0,0.0,0.0,0.0,0.93,0.56,12.99949,80.26304,9.4,10.0,synthetic_experience,needs_real_world_verification,Dataset contains synthetic/curated seed values for academic ML experimentation and must be verified before real-world deployment.
TN0164,Semmozhi Poonga Nature Photography Session,Photography & Leisure,Curated Experience,Cathedral Road,"A curated curated experience experience centred around Cathedral Road, designed for friends interested in photography & leisure. This is a synthetic experience concept, not an official standalone attraction.",347,4.1,1108,1.5,Moderate,0,1,1,1,0,1,0,1,0,1,1,0,0,0,0,0,0,0,0,1,1,0,0,0,0,0,0,0,0,0,0,0,0,0,1,1,1,0,1,0,1,1,0,0,1,0,0.0,0.0,0.0,0.0,0.0,0.0,0.0,0.0,0.87,0.71,13.05149,80.25483,4.1,11.1,synthetic_experience,needs_real_world_verification,Dataset contains synthetic/curated seed values for academic ML experimentation and must be verified before real-world deployment.
TN0165,Couple's Scenic ECR Coastal Drive,Photography & Leisure,Curated Experience,ECR,"A curated curated experience experience centred around ECR, designed for friends interested in photography & leisure. This is a synthetic experience concept, not an official standalone attraction.",51,4.4,3860,1.4,Free,0,1,1,1,0,1,0,1,0,1,1,0,0,0,0,0,0,0,0,1,1,0,0,0,0,0,0,0,1,0,0,0,0,0,1,1,1,1,0,1,0,1,0,0,1,0,0.0,0.0,0.0,0.0,0.0,0.0,0.0,0.0,0.93,0.46,13.08626,80.27645,0.4,15.4,synthetic_experience,needs_real_world_verification,Dataset contains synthetic/curated seed values for academic ML experimentation and must be verified before real-world deployment.
TN0166,Family Leisure Evening at Anna Nagar Tower Park,Photography & Leisure,Curated Experience,Anna Nagar,"A curated curated experience experience centred around Anna Nagar, designed for families interested in photography & leisure. This is a synthetic experience concept, not an official standalone attraction.",246,4.0,1466,1.4,Budget,1,1,1,1,1,0,0,1,0,1,1,0,0,0,0,0,0,0,0,1,1,0,0,0,0,0,0,0,0,0,0,0,0,0,1,1,1,0,0,1,0,1,0,0,1,0,0.0,0.0,0.0,0.0,0.0,0.0,0.0,0.0,0.85,0.6,13.08463,80.20836,7.3,10.9,synthetic_experience,needs_real_world_verification,Dataset contains synthetic/curated seed values for academic ML experimentation and must be verified before real-world deployment.
TN0167,Friends' Adventure Day at Muttukadu,Photography & Leisure,Curated Experience,Muttukadu,"A curated curated experience experience centred around Muttukadu, designed for friends interested in photography & leisure. This is a synthetic experience concept, not an official standalone attraction.",390,4.0,702,2.4,Moderate,0,1,1,1,0,1,0,1,0,1,1,0,0,0,0,0,0,0,0,1,1,0,0,0,0,0,0,0,0,0,0,0,0,0,1,1,1,1,0,1,0,0,1,0,1,0,0.0,0.0,0.0,0.0,0.0,0.0,0.0,0.0,0.97,0.45,12.85421,80.25225,25.5,17.9,synthetic_experience,needs_real_world_verification,Dataset contains synthetic/curated seed values for academic ML experimentation and must be verified before real-world deployment.
TN0168,Solo Relaxation Evening at Elliot's Beach,Photography & Leisure,Curated Experience,Besant Nagar,"A curated curated experience experience centred around Besant Nagar, designed for friends interested in photography & leisure. This is a synthetic experience concept, not an official standalone attraction.",351,4.5,902,2.2,Moderate,0,1,0,1,0,0,0,1,0,1,1,0,0,0,0,0,0,0,0,1,1,0,0,0,0,0,0,0,0,0,0,0,0,0,1,1,1,0,1,1,0,0,1,0,1,0,0.0,0.0,0.0,0.0,0.0,0.0,0.0,0.0,0.96,0.67,13.00199,80.26833,9.0,10.6,synthetic_experience,needs_real_world_verification,Dataset contains synthetic/curated seed values for academic ML experimentation and must be verified before real-world deployment.
TN0169,Kalakshetra Campus Photography Walk,Photography & Leisure,Curated Experience,Thiruvanmiyur,"A curated curated experience experience centred around Thiruvanmiyur, designed for friends interested in photography & leisure. This is a synthetic experience concept, not an official standalone attraction.",152,3.9,469,1.6,Budget,0,1,1,1,0,1,0,1,0,1,1,0,0,0,0,0,0,0,0,1,1,0,0,0,0,0,0,0,0,0,0,0,0,0,1,1,1,0,0,0,1,0,1,0,1,0,0.0,0.0,0.0,0.0,0.0,0.0,0.0,0.0,0.83,0.55,12.98171,80.26007,11.4,9.8,synthetic_experience,needs_real_world_verification,Dataset contains synthetic/curated seed values for academic ML experimentation and must be verified before real-world deployment.
TN0170,Chennai Central Railway Architecture Photo Walk,Photography & Leisure,Curated Experience,Chennai Central,"A curated curated experience experience centred around Chennai Central, designed for friends interested in photography & leisure. This is a synthetic experience concept, not an official standalone attraction.",154,4.2,3412,1.9,Budget,0,1,1,1,0,1,0,1,0,1,1,0,0,0,0,0,0,0,0,1,1,0,0,0,0,0,0,0,0,0,0,0,0,0,1,1,1,0,1,1,1,0,1,0,1,0,0.0,0.0,0.0,0.0,0.0,0.0,0.0,0.0,0.9,0.56,13.0813,80.2773,0.2,15.1,synthetic_experience,needs_real_world_verification,Dataset contains synthetic/curated seed values for academic ML experimentation and must be verified before real-world deployment.
TN0171,Adyar Riverside Evening Relaxation Session,Photography & Leisure,Curated Experience,Adyar,"A curated curated experience experience centred around Adyar, designed for friends interested in photography & leisure. This is a synthetic experience concept, not an official standalone attraction.",394,4.0,211,1.2,Moderate,0,1,1,1,0,0,0,1,0,1,1,0,0,0,0,0,0,0,0,1,1,0,0,0,0,0,0,0,0,0,0,0,0,0,1,1,1,0,1,1,1,1,0,0,1,0,0.0,0.0,0.0,0.0,0.0,0.0,0.0,0.0,0.85,0.44,13.00188,80.25997,9.1,9.7,synthetic_experience,needs_real_world_verification,Dataset contains synthetic/curated seed values for academic ML experimentation and must be verified before real-world deployment.
TN0172,Panagal Park Morning Leisure Stroll,Photography & Leisure,Curated Experience,T Nagar,"A curated curated experience experience centred around T Nagar, designed for friends interested in photography & leisure. This is a synthetic experience concept, not an official standalone attraction.",380,4.4,467,2.1,Moderate,0,1,1,1,0,1,0,0,0,1,1,0,0,0,0,0,0,0,0,1,1,0,0,0,0,0,0,0,0,0,0,0,0,0,1,1,1,0,0,1,0,0,1,0,1,0,0.0,0.0,0.0,0.0,0.0,0.0,0.0,0.0,0.96,0.5,13.03781,80.23554,6.6,8.5,synthetic_experience,needs_real_world_verification,Dataset contains synthetic/curated seed values for academic ML experimentation and must be verified before real-world deployment.
